PointName,DaysAfterN,BACS.PA,AREA,Route,Observer,TIME,Temp,Wind,Cloud,pcode,dsb
J1,3043,0,0,JR,2,381,65,3,0,1,1122
J1,3049,0,0,JR,2,685,58,7,0,1,1128
J1,3053,0,0,JR,2,367,60,0,0,1,1132
J1,3399,0,0,JR,9,390,45,3,60,1,1478
J1,3401,0,0,JR,9,685,70,5,85,1,1480
J1,3407,0,0,JR,9,380,50,3,5,1,1486
J1,3771,0,0,JR,8,370,58,0,0,1,1850
J1,3773,0,0,JR,8,625,66,0,100,1,1852
J1,3779,0,0,JR,8,616,77,3,60,1,1858
J1,4498,0,0,JR,11,369,68,1,100,1,2577
J1,4500,0,0,JR,16,376,70,0,100,1,2579
J1,4505,0,0,JR,4,626,78,2,25,1,2584
J1,4869,0,0,JR,4,367,65,3,100,1,68
J1,4870,0,0,JR,11,361,69,1.5,69,1,69
J1,4871,0,0,JR,6,602,72,9,1,1,70
J1,5227,0,0,JR,10,376,50,5,100,1,426
J1,5229,0,0,JR,11,375,58,3,77,1,428
J1,5237,0,0,JR,16,357,58,1,20,1,436
J1,5593,0,0,JR,13,375,45,1,0,1,792
J1,5594,0,0,JR,12,392,48,0,0,1,793
J1,5594,0,0,JR,12,568,70,10,0,1,793
J1,5601,0,0,JR,16,368,50,0,20,1,800
J1,5969,1,0,JR,5,454,56,1,0,1,1168
J1,5970,0,0,JR,16,362,52,0,0,1,1169
J1,5971,0,0,JR,1,366,62,0,85,1,1170
J12,3043,1,0,JR,2,531,75,0,0,2,43
J12,3049,0,0,JR,2,572,58,4,0,2,49
J12,3053,0,0,JR,2,494,65,0,0,2,53
J12,3399,1,0,JR,9,535,60,1,70,2,399
J12,3401,0,0,JR,9,555,70,2,95,2,401
J12,3407,0,0,JR,9,505,50,5,5,2,407
J12,3771,0,0,JR,8,507,66,2,0,2,771
J12,3773,0,0,JR,8,503,61,3,100,2,1
J12,3779,0,0,JR,8,483,67,0,90,2,7
J12,4498,0,0,JR,11,415,68,0,100,2,34
J12,4500,0,0,JR,16,486,73,5,100,2,36
J12,4505,0,0,JR,4,565,73,3,25,2,41
J12,4869,1,0,JR,4,426,65,5,100,2,405
J12,4870,1,0,JR,11,408,69,2.5,69,2,406
J12,4871,0,0,JR,6,554,69,6,20,2,407
J12,5227,0,0,JR,10,442,50,5,100,2,40
J12,5229,0,0,JR,11,421,58,1,77,2,42
J12,5237,0,0,JR,16,429,58,10,100,2,50
J12,5593,0,0,JR,13,433,47,0,0,2,406
J12,5594,0,0,JR,12,590,70,5,0,2,407
J12,5601,0,0,JR,16,423,55,0,20,2,414
J12,5969,0,0,JR,5,645,74,1,1,2,50
J12,5970,0,0,JR,16,423,55,0,0,2,51
J12,5971,0,0,JR,1,412,65,0,85,2,52
J16,3043,0,0,JR,2,585,75,5,0,3,43
J16,3049,0,0,JR,2,499,58,3,0,3,49
J16,3053,0,0,JR,2,552,70,3,0,3,53
J16,3399,0,0,JR,9,595,65,5,85,3,399
J16,3401,1,0,JR,9,495,65,3,90,3,401
J16,3407,0,0,JR,9,565,55,5,3,3,407
J16,3771,0,0,JR,8,565,70,2,0,3,47
J16,3773,0,0,JR,8,457,59,0,100,3,49
J16,3779,0,0,JR,8,434,63,3,70,3,55
J16,4498,0,0,JR,11,427,70,2,100,3,34
J16,4500,0,0,JR,16,502,73,5,100,3,36
J16,4505,0,0,JR,4,554,73,1,15,3,41
J16,4869,1,0,JR,4,445,65,1,100,3,405
J16,4870,0,0,JR,11,424,69,1.5,69,3,406
J16,4871,1,0,JR,6,517,68,8,35,3,407
J16,5227,0,0,JR,10,454,50,5,100,3,40
J16,5229,0,0,JR,11,433,58,1,77,3,42
J16,5237,0,0,JR,16,417,58,8,100,3,50
J16,5593,1,0,JR,13,448,48,0,0,3,406
J16,5594,0,0,JR,12,579,70,12,0,3,407
J16,5601,0,0,JR,16,434,55,0,20,3,414
J16,5969,0,0,JR,5,630,73,4,1,3,782
J16,5970,1,0,JR,16,439,55,0,0,3,783
J16,5971,1,0,JR,1,425,65,0,85,3,784
J18,3043,1,0,JR,2,606,75,5,0,4,418
J18,3049,1,0,JR,2,483,58,3,0,4,424
J18,3053,1,0,JR,2,581,70,0,20,4,428
J18,3399,0,0,JR,9,615,65,5,85,4,42
J18,3401,0,0,JR,9,480,65,5,90,4,44
J18,3407,0,0,JR,9,580,55,5,3,4,50
J18,3771,0,0,JR,8,587,72,2,10,4,414
J18,3773,0,0,JR,8,434,59,3,100,4,416
J18,3779,0,0,JR,8,411,62,0,100,4,422
J18,4498,0,0,JR,11,444,70,1,100,4,321
J18,4500,1,0,JR,16,514,73,0,100,4,323
J18,4505,0,0,JR,4,541,72,1,20,4,328
J18,4869,0,0,JR,4,487,69,1,90,4,46
J18,4870,0,0,JR,11,444,69,1.5,69,4,47
J18,4871,0,0,JR,6,532,69,8,35,4,48
J18,5227,0,0,JR,10,469,51,5,100,4,404
J18,5229,0,0,JR,11,447,58,3,77,4,406
J18,5237,1,0,JR,16,442,60,8,100,4,414
J18,5593,0,0,JR,13,465,49,0,0,4,21
J18,5601,0,0,JR,16,446,55,0,40,4,29
J18,5970,0,0,JR,1,656,80,0,75,4,398
J18,5970,0,0,JR,16,462,57,0,0,4,398
J18,5971,1,0,JR,1,436,65,0,90,4,399
J21,3043,0,0,JR,2,646,80,4,0,5,47
J21,3049,0,0,JR,2,433,55,1,0,5,53
J21,3053,0,0,JR,2,621,75,0,20,5,57
J21,3399,0,0,JR,9,655,65,3,85,5,403
J21,3401,0,0,JR,9,450,60,3,90,5,405
J21,3407,0,0,JR,9,615,65,5,2,5,411
J21,3771,0,0,JR,8,608,76,0,20,5,40
J21,3773,0,0,JR,8,410,59,0,100,5,42
J21,3779,0,0,JR,8,384,62,0,100,5,48
J21,4498,0,0,JR,11,457,70,1,100,5,6
J21,4500,0,0,JR,16,540,75,0,100,5,8
J21,4505,0,0,JR,4,527,71,1,60,5,13
J21,4869,0,0,JR,4,468,68,1,100,5,377
J21,4870,0,0,JR,11,461,69,1.5,69,5,378
J21,4871,0,0,JR,6,502,68,6,50,5,379
J21,5227,0,0,JR,10,490,51,3,100,5,40
J21,5229,0,0,JR,11,473,58,5,77,5,42
J21,5237,0,0,JR,16,459,60,5,80,5,50
J21,5593,0,0,JR,13,501,52,2,0,5,406
J21,5594,0,0,JR,12,629,74,5,0,5,407
J21,5601,1,0,JR,16,474,58,0,20,5,414
J21,5970,0,0,JR,1,638,80,0,50,5,783
J21,5970,0,0,JR,16,515,57,0,0,5,783
J21,5971,0,0,JR,1,456,65,0,80,5,784
J23,3043,0,0,JR,2,669,80,2,0,6,47
J23,3049,1,0,JR,2,396,55,0,0,6,53
J23,3053,1,0,JR,2,654,75,2,25,6,57
J23,3399,1,0,JR,9,680,70,3,60,6,403
J23,3401,1,0,JR,9,410,60,3,95,6,405
J23,3407,0,0,JR,9,635,65,5,2,6,411
J23,3771,0,0,JR,8,629,79,3,5,6,40
J23,3773,0,0,JR,8,390,58,2,100,6,42
J23,3779,0,0,JR,8,360,62,0,100,6,48
J23,4498,0,0,JR,11,479,72,3,100,6,6
J23,4500,0,0,JR,16,606,75,6,80,6,8
J23,4505,0,0,JR,4,513,70,1,75,6,13
J23,4869,1,0,JR,4,516,71,1,100,6,377
J23,4870,1,0,JR,11,475,69,1.5,69,6,378
J23,4871,1,0,JR,6,489,67,6,55,6,379
J23,5227,0,0,JR,10,508,51,3,100,6,40
J23,5229,0,0,JR,11,484,58,8,77,6,42
J23,5237,1,0,JR,16,471,60,5,75,6,50
J23,5593,0,0,JR,13,486,51,1,0,6,406
J23,5594,0,0,JR,12,550,69,5,0,6,407
J23,5601,1,0,JR,16,503,60,0,30,6,414
J23,5969,0,0,JR,5,484,56,1,0,6,782
J23,5970,0,0,JR,16,494,57,0,0,6,783
J23,5971,0,0,JR,1,475,65,0,75,6,784
J3,3043,0,0,JR,2,403,65,5,0,7,49
J3,3049,0,0,JR,2,665,58,7,0,7,55
J3,3053,0,0,JR,2,387,60,0,15,7,59
J3,3399,1,0,JR,9,415,50,2,60,7,405
J3,3401,0,0,JR,9,665,70,5,85,7,407
J3,3407,0,0,JR,9,400,50,3,5,7,413
J3,3771,0,0,JR,8,388,58,3,0,7,777
J3,3773,0,0,JR,8,610,65,3,100,7,779
J3,3779,0,0,JR,8,600,75,5,100,7,785
J3,4498,0,0,JR,11,378,68,0,100,7,370
J3,4500,0,0,JR,16,433,70,5,100,7,372
J3,4505,0,0,JR,4,614,77,2,25,7,377
J3,4869,1,0,JR,4,381,65,6,100,7,46
J3,4870,0,0,JR,11,371,69,5,69,7,47
J3,4871,0,0,JR,6,592,72,10,5,7,48
J3,5227,0,0,JR,10,391,50,5,100,7,404
J3,5229,0,0,JR,11,384,58,3,77,7,406
J3,5237,0,0,JR,16,370,58,3,20,7,414
J3,5593,0,0,JR,13,389,45,1,0,7,770
J3,5594,0,0,JR,12,405,50,0,0,7,771
J3,5601,0,0,JR,16,377,50,0,20,7,778
J3,5969,1,0,JR,5,447,56,1,0,7,1146
J3,5970,0,0,JR,16,372,52,0,0,7,1147
J3,5971,0,0,JR,1,356,60,5,75,7,1148
J7,3043,0,0,JR,2,463,70,0,0,8,837
J7,3049,0,0,JR,2,642,58,5,0,8,843
J7,3053,0,0,JR,2,422,60,0,0,8,847
J7,3399,0,0,JR,9,465,55,2,60,8,1193
J7,3401,0,0,JR,9,615,70,5,85,8,1195
J7,3407,1,0,JR,9,450,50,3,5,8,1201
J7,3771,1,0,JR,8,442,61,0,0,8,1565
J7,3773,0,0,JR,8,558,64,2,100,8,1567
J7,3779,1,0,JR,8,548,72,3,50,8,1573
J7,4498,1,0,JR,11,388,68,0,100,8,2292
J7,4500,1,0,JR,16,447,70,3,100,8,2294
J7,4505,1,0,JR,4,598,75,3,25,8,2299
J7,4869,0,0,JR,4,393,65,1,100,8,2663
J7,4870,0,0,JR,11,383,69,2.5,69,8,2664
J7,4871,1,0,JR,6,582,72,8,15,8,2665
J7,5227,1,0,JR,10,407,50,5,100,8,3021
J7,5229,0,0,JR,11,392,58,5,77,8,3023
J7,5237,0,0,JR,16,383,58,3,20,8,3031
J7,5593,0,0,JR,13,400,46,2,0,8,23
J7,5594,0,0,JR,12,414,50,0,0,8,24
J7,5601,0,0,JR,16,389,55,0,20,8,31
J7,5969,0,0,JR,5,435,56,1,0,8,399
J7,5970,0,0,JR,16,381,52,0,0,8,400
J7,5971,0,0,JR,1,345,60,0,75,8,401
J9,3043,1,0,JR,2,484,70,5,0,9,426
J9,3049,0,0,JR,2,627,58,3,0,9,432
J9,3053,0,0,JR,2,444,60,0,0,9,436
J9,3399,0,0,JR,9,490,60,1,70,9,5
J9,3401,0,0,JR,9,595,70,5,85,9,7
J9,3407,0,0,JR,9,485,50,5,5,9,13
J9,3771,1,0,JR,8,480,64,2,0,9,377
J9,3773,0,0,JR,8,525,61,0,100,9,379
J9,3779,0,0,JR,8,512,69,2,95,9,385
J9,4498,0,0,JR,11,403,68,3,100,9,402
J9,4500,1,0,JR,16,465,70,5,100,9,404
J9,4505,1,0,JR,4,583,75,4,30,9,409
J9,4869,0,0,JR,4,410,65,0,100,9,28
J9,4870,0,0,JR,11,396,69,2.5,69,9,29
J9,4871,0,0,JR,6,570,70,9,15,9,30
J9,5227,0,0,JR,10,424,50,5,100,9,386
J9,5229,0,0,JR,11,405,58,3,77,9,388
J9,5237,1,0,JR,16,398,58,5,100,9,396
J9,5593,1,0,JR,13,415,46,1,0,9,752
J9,5594,1,0,JR,12,608,72,12,0,9,753
J9,5601,0,0,JR,16,407,55,0,20,9,760
J9,5969,0,0,JR,5,665,75,4,5,9,50
J9,5970,0,0,JR,16,401,55,0,0,9,51
J9,5971,0,0,JR,1,395,62,0,80,9,52
K10,3042,0,0,LK,7,497,67,1,0,10,1141
K10,3044,0,0,LK,7,582,70,3,0,10,1143
K10,3052,0,0,LK,7,489,64,1,100,10,1151
K10,3400,0,0,LK,3,480,60.3,2,100,10,334
K10,3404,0,0,LK,3,550,77.2,2,0,10,338
K10,3408,1,0,LK,3,467,44.1,0,0,10,342
K10,3770,0,0,LK,11,492,63,0,0,10,47
K10,3772,0,0,LK,11,521,68,4,0,10,49
K10,3774,0,0,LK,11,481,63,4,0,10,51
K10,4136,1,0,LK,11,619,67,2,10,10,413
K10,4137,1,0,LK,11,394,44,0,0,10,414
K10,4143,1,0,LK,11,573,70,1,100,10,420
K10,4499,0,0,LK,4,620,77,0,45,10,36
K10,4505,0,0,LK,11,447,59,0,20,10,42
K10,4506,0,0,LK,4,438,68,4,20,10,43
K10,4869,1,0,LK,11,515,68,2.5,100,10,406
K10,4871,1,0,LK,16,599,78,8,0,10,408
K10,4872,1,0,LK,16,553,70,5,0,10,409
K10,5227,0,0,LK,11,550,51,10,100,10,46
K10,5229,0,0,LK,16,569,65,8,40,10,48
K10,5235,0,0,LK,4,585,64,0,100,10,54
K10,5593,0,0,LK,4,581,58,3,0,10,412
K10,5594,1,0,LK,13,559,59,3,5,10,413
K10,5597,1,0,LK,12,520,66,0,80,10,416
K10,5969,0,0,LK,1,418,58,0,0,10,788
K10,5972,0,0,LK,5,516,64,4,0,10,791
K12,3042,0,0,LK,7,541,69,5,0,11,1166
K12,3044,0,0,LK,7,555,68,10,0,11,1168
K12,3052,0,0,LK,7,516,65,1,100,11,1176
K12,3400,0,0,LK,3,510,61.5,2,100,11,334
K12,3404,0,0,LK,3,523,74.2,2,0,11,338
K12,3408,1,0,LK,3,494,48.9,0,0,11,342
K12,3770,0,0,LK,11,522,63,0,0,11,47
K12,3772,0,0,LK,11,513,68,1,0,11,49
K12,3774,0,0,LK,11,509,65,2,0,11,51
K12,4136,0,0,LK,11,605,66,2,10,11,413
K12,4137,0,0,LK,11,407,45,0,0,11,414
K12,4143,0,0,LK,11,556,70,0,100,11,420
K12,4499,0,0,LK,4,635,77,0,45,11,36
K12,4505,0,0,LK,11,434,59,0,20,11,42
K12,4506,0,0,LK,4,426,65,3,50,11,43
K12,4869,1,0,LK,11,531,68,5,100,11,406
K12,4871,1,0,LK,16,616,79,7,0,11,408
K12,4872,1,0,LK,16,537,70,4,0,11,409
K12,5227,0,0,LK,11,567,51,3,100,11,46
K12,5229,0,0,LK,16,577,65,8,30,11,48
K12,5235,0,0,LK,4,608,66,2,100,11,54
K12,5593,0,0,LK,4,597,60,2,0,11,412
K12,5594,0,0,LK,13,546,56,2,5,11,413
K12,5597,0,0,LK,12,537,66,0,80,11,416
K12,5969,0,0,LK,1,405,55,0,5,11,788
K12,5972,0,0,LK,5,533,64,1,2,11,791
K15,3042,0,0,LK,7,571,72,5,0,12,370
K15,3044,0,0,LK,7,523,63,10,0,12,372
K15,3052,0,0,LK,7,548,65,1,100,12,380
K15,3400,1,0,LK,3,535,62.3,2,85,12,40
K15,3404,1,0,LK,3,493,72,0,0,12,44
K15,3408,0,0,LK,3,521,52.5,0,0,12,48
K15,3770,0,0,LK,11,552,69,0,0,12,410
K15,3772,0,0,LK,11,490,64,0,0,12,412
K15,3774,0,0,LK,11,536,66,1,0,12,414
K15,4135,0,0,LK,11,516,63,6,0,12,775
K15,4137,0,0,LK,11,500,60,0,0,12,777
K15,4143,0,0,LK,11,476,68,0,100,12,783
K15,4499,1,0,LK,4,643,78,1,40,12,306
K15,4505,1,0,LK,11,375,59,0,20,12,312
K15,4506,0,0,LK,4,392,64,0,100,12,313
K15,4869,0,0,LK,11,542,68,2.5,100,12,33
K15,4871,0,0,LK,16,650,79,6,0,12,35
K15,4872,0,0,LK,16,492,68,0,0,12,36
K15,5227,1,0,LK,11,578,52,8,100,12,391
K15,5229,1,0,LK,16,607,65,8,30,12,393
K15,5237,0,0,LK,4,530,58,3,40,12,401
K15,5593,0,0,LK,4,612,61,3,0,12,757
K15,5594,1,0,LK,13,501,56,2,0,12,758
K15,5597,0,0,LK,12,553,71,0,80,12,761
K15,5969,1,0,LK,1,375,55,0,0,12,29
K15,5972,0,0,LK,5,552,70,4,2,12,32
K17,3042,0,0,LK,7,599,74,1,0,13,62
K17,3044,0,0,LK,7,499,62,7,0,13,64
K17,3052,0,0,LK,7,574,67,1,100,13,72
K17,3400,0,0,LK,3,563,66.8,5,60,13,420
K17,3404,0,0,LK,3,468,70,0,0,13,424
K17,3408,0,0,LK,3,547,54.9,2,0,13,428
K17,3770,1,0,LK,11,581,73,1,0,13,261
K17,3772,1,0,LK,11,471,62,0,0,13,263
K17,3774,0,0,LK,11,565,67,1,0,13,265
K17,4135,0,0,LK,11,533,64,7,0,13,626
K17,4137,0,0,LK,11,472,55,0,0,13,628
K17,4143,0,0,LK,11,527,68,0,100,13,634
K17,4499,1,0,LK,4,655,78,0,80,13,36
K17,4505,1,0,LK,11,390,59,0,20,13,42
K17,4506,0,0,LK,4,403,64,1,100,13,43
K17,4869,0,0,LK,11,551,68,2.5,100,13,406
K17,4871,0,0,LK,16,672,79,5,0,13,408
K17,4872,0,0,LK,16,520,68,3,0,13,409
K17,5227,0,0,LK,11,599,52,10,100,13,764
K17,5229,1,0,LK,16,629,65,5,30,13,766
K17,5237,0,0,LK,4,540,60,6,20,13,774
K17,5593,0,0,LK,4,638,64,1,1,13,1130
K17,5594,0,0,LK,13,527,56,1,0,13,1131
K17,5597,0,0,LK,12,576,73,0,80,13,1134
K17,5969,0,0,LK,1,363,55,0,0,13,29
K17,5972,0,0,LK,5,576,70,4,2,13,32
K18,3042,0,0,LK,7,610,75,5,0,14,62
K18,3044,0,0,LK,7,488,62,7,0,14,64
K18,3052,0,0,LK,7,585,68,2,100,14,72
K18,3400,0,0,LK,3,575,66.8,5,75,14,420
K18,3404,0,0,LK,3,459,70,0,0,14,424
K18,3408,0,0,LK,3,558,55.4,2,0,14,428
K18,3770,0,0,LK,11,594,74,3,0,14,261
K18,3772,0,0,LK,11,463,62,0,0,14,263
K18,3774,0,0,LK,11,573,68,2,0,14,265
K18,4135,0,0,LK,11,542,65,3,0,14,626
K18,4137,0,0,LK,11,454,53,0,0,14,628
K18,4143,0,0,LK,11,483,68,0,100,14,634
K18,4499,0,0,LK,4,668,77,0,90,14,36
K18,4505,1,0,LK,11,399,59,0,20,14,42
K18,4506,0,0,LK,4,413,66,3,100,14,43
K18,4869,0,0,LK,11,560,68,5,100,14,406
K18,4871,0,0,LK,16,661,79,5,0,14,408
K18,4872,1,0,LK,16,507,68,0,0,14,409
K18,5227,0,0,LK,11,587,52,5,100,14,764
K18,5229,1,0,LK,16,617,65,8,30,14,766
K18,5235,1,0,LK,4,620,68,2,100,14,772
K18,5593,0,0,LK,4,625,62,2,1,14,1130
K18,5594,0,0,LK,13,510,56,2,0,14,1131
K18,5597,0,0,LK,12,564,73,0,80,14,1134
K18,5969,1,0,LK,1,346,54,0,0,14,29
K18,5972,0,0,LK,5,564,70,4,2,14,32
K2,3042,0,0,LK,7,390,57,1,0,15,9999
K2,3044,0,0,LK,7,685,77,5,0,15,9999
K2,3052,0,0,LK,7,370,64,0,100,15,9999
K2,3400,0,0,LK,3,387,59.4,1,100,15,9999
K2,3404,0,0,LK,3,640,80.5,1,0,15,9999
K2,3408,0,0,LK,3,386,36.9,0,0,15,9999
K2,3770,1,0,LK,11,379,60,0,0,15,9999
K2,3772,1,0,LK,11,625,76,4,0,15,9999
K2,3774,1,0,LK,11,388,61,1,0,15,9999
K2,4135,1,0,LK,11,383,56,0,0,15,9999
K2,4137,0,0,LK,11,572,65,0,0,15,9999
K2,4143,1,0,LK,11,381,68,0,100,15,9999
K2,4499,1,0,LK,4,553,72,0,100,15,9999
K2,4505,1,0,LK,11,501,64,5,30,15,9999
K2,4506,1,0,LK,4,492,73,2,0,15,9999
K2,4869,0,0,LK,11,460,68,7.5,100,15,9999
K2,4871,1,0,LK,16,530,68,7,5,15,9999
K2,4872,0,0,LK,16,611,73,3,0,15,9999
K2,5227,0,0,LK,11,469,50,3,100,15,9999
K2,5229,1,0,LK,16,511,61,7,100,15,9999
K2,5235,1,0,LK,4,504,63,3,100,15,9999
K2,5593,0,0,LK,4,514,56,2,0,15,9999
K2,5594,0,0,LK,13,622,67,5,5,15,9999
K2,5597,0,0,LK,12,445,65,0,80,15,9999
K2,5969,1,0,LK,1,476,62,0,0,15,9999
K2,5972,0,0,LK,5,446,62,4,0,15,9999
K22,3042,0,0,LK,7,669,82,10,0,16,62
K22,3044,1,0,LK,7,438,61,3,0,16,64
K22,3052,1,0,LK,7,638,73,1,90,16,72
K22,3400,0,0,LK,3,611,68.6,5,95,16,420
K22,3404,1,0,LK,3,421,65,0,0,16,424
K22,3408,1,0,LK,3,603,63.1,1,0,16,428
K22,3770,0,0,LK,11,647,76,2,0,16,47
K22,3772,0,0,LK,11,422,60,0,0,16,49
K22,3774,0,0,LK,11,615,71,4,0,16,51
K22,4135,1,0,LK,11,498,63,5,0,16,412
K22,4137,1,0,LK,11,521,63,1,5,16,414
K22,4143,1,0,LK,11,455,68,0,100,16,420
K22,4502,0,0,LK,4,601,72,2,10,16,34
K22,4505,1,0,LK,11,417,59,0,20,16,37
K22,4506,1,0,LK,4,380,64,2,100,16,38
K22,4869,0,0,LK,11,576,68,2.5,100,16,401
K22,4871,1,0,LK,16,635,79,7,0,16,403
K22,4872,1,0,LK,16,477,68,0,0,16,404
K22,5227,0,0,LK,11,615,53,3,100,16,13
K22,5229,0,0,LK,16,595,65,8,30,16,15
K22,5237,0,0,LK,4,519,58,4,35,16,23
K22,5593,0,0,LK,4,660,65,1,0,16,379
K22,5594,0,0,LK,13,488,54,2,0,16,380
K22,5597,1,0,LK,12,602,69,0,80,16,383
K22,5969,0,0,LK,1,388,55,0,0,16,755
K22,5972,0,0,LK,5,596,70,4,15,16,758
K6,3042,0,0,LK,7,440,63,0,0,17,9999
K6,3044,0,0,LK,7,634,75,3,0,17,9999
K6,3052,0,0,LK,7,427,64,0,100,17,9999
K6,3400,1,0,LK,3,426,60.7,1,100,17,9999
K6,3404,1,0,LK,3,591,80.2,1,0,17,9999
K6,3408,0,0,LK,3,421,39.2,0,0,17,9999
K6,3770,0,0,LK,11,432,60,0,0,17,9999
K6,3772,0,0,LK,11,585,72,6,0,17,9999
K6,3774,0,0,LK,11,432,62,1,0,17,9999
K6,4135,0,0,LK,11,422,57,0,0,17,9999
K6,4137,0,0,LK,11,611,68,0,0,17,9999
K6,4143,0,0,LK,11,422,68,0,100,17,9999
K6,4499,0,0,LK,4,568,75,0,75,17,9999
K6,4505,0,0,LK,11,492,62,0,20,17,9999
K6,4506,1,0,LK,4,480,70,5,0,17,9999
K6,4869,0,0,LK,11,469,68,0,100,17,9999
K6,4871,0,0,LK,16,550,68,8,5,17,9999
K6,4872,0,0,LK,16,600,72,3,0,17,9999
K6,5227,1,0,LK,11,479,50,8,100,17,9999
K6,5229,1,0,LK,16,520,60,4,90,17,9999
K6,5235,0,0,LK,4,518,63,2,100,17,9999
K6,5593,0,0,LK,4,525,57,3,0,17,9999
K6,5594,0,0,LK,13,609,64,3,5,17,9999
K6,5597,0,0,LK,12,456,65,0,80,17,9999
K6,5969,0,0,LK,1,465,62,0,0,17,9999
K6,5972,0,0,LK,5,461,62,1,0,17,9999
K7,3042,0,0,LK,7,456,64,0,0,18,333
K7,3044,0,0,LK,7,620,73,2,0,18,335
K7,3052,0,0,LK,7,442,64,0,100,18,343
K7,3400,0,0,LK,3,451,59.4,1,100,18,11
K7,3404,0,0,LK,3,580,79,2,0,18,15
K7,3408,0,0,LK,3,441,41.7,0,0,18,19
K7,3770,0,0,LK,11,460,61,0,0,18,47
K7,3772,0,0,LK,11,563,70,4,0,18,49
K7,3774,0,0,LK,11,454,62,3,0,18,51
K7,4136,0,0,LK,11,635,68,2,15,18,413
K7,4137,1,0,LK,11,381,44,0,0,18,414
K7,4143,1,0,LK,11,596,70,0,100,18,420
K7,4499,0,0,LK,4,585,75,0,70,18,36
K7,4505,0,0,LK,11,477,60,0,20,18,42
K7,4506,1,0,LK,4,461,66,5,10,18,43
K7,4869,0,0,LK,11,489,68,2.5,100,18,406
K7,4871,0,0,LK,16,569,72,7,0,18,408
K7,4872,0,0,LK,16,582,72,4,0,18,409
K7,5227,0,0,LK,11,496,51,3,100,18,46
K7,5229,0,0,LK,16,540,65,5,80,18,48
K7,5235,1,0,LK,4,575,64,0,100,18,54
K7,5593,0,0,LK,4,540,57,2,0,18,412
K7,5594,0,0,LK,13,594,63,2,0,18,413
K7,5597,0,0,LK,12,479,65,0,80,18,416
K7,5969,1,0,LK,1,445,60,0,0,18,788
K7,5972,0,0,LK,5,482,64,1,0,18,791
K9,3042,0,0,LK,7,484,65,0,0,19,333
K9,3044,0,0,LK,7,596,72,3,0,19,335
K9,3052,0,0,LK,7,476,64,0,100,19,343
K9,3400,0,0,LK,3,465,60.3,1,100,19,11
K9,3404,0,0,LK,3,560,78.4,2,0,19,15
K9,3408,0,0,LK,3,454,43,0,0,19,19
K9,3770,0,0,LK,11,475,62,0,0,19,47
K9,3772,0,0,LK,11,552,69,2,0,19,49
K9,3774,0,0,LK,11,468,63,2,0,19,51
K9,4135,0,0,LK,11,578,66,5,0,19,412
K9,4137,0,0,LK,11,371,44,0,0,19,414
K9,4143,0,0,LK,11,586,70,0,100,19,420
K9,4499,0,0,LK,4,603,76,0,85,19,36
K9,4505,0,0,LK,11,463,59,0,20,19,42
K9,4506,0,0,LK,4,450,66,4,20,19,43
K9,4869,0,0,LK,11,503,68,5,100,19,406
K9,4871,0,0,LK,16,584,75,7,0,19,408
K9,4872,0,0,LK,16,570,70,5,0,19,409
K9,5227,0,0,LK,11,515,51,5,100,19,46
K9,5229,0,0,LK,16,553,65,3,100,19,48
K9,5235,0,0,LK,4,564,64,3,100,19,54
K9,5593,0,0,LK,4,564,57,1,0,19,412
K9,5594,0,0,LK,13,575,60,1,5,19,413
K9,5597,0,0,LK,12,501,66,0,80,19,416
K9,5969,0,0,LK,1,432,58,0,0,19,788
K9,5972,0,0,LK,5,500,64,4,0,19,791
L12,3042,1,0,LK,4,505,67,2,0,20,769
L12,3044,1,0,LK,4,521,65,3,10,20,771
L12,3052,1,0,LK,4,486,65,0,100,20,779
L12,3400,0,0,LK,4,524,60,3,100,20,50
L12,3402,0,0,LK,4,551,70,1,10,20,52
L12,3408,1,0,LK,4,487,53,0,0,20,58
L12,3771,1,0,LK,4,516,66,1,0,20,421
L12,3773,1,0,LK,4,499,61,2,100,20,423
L12,3779,0,0,LK,4,499,68,0,90,20,429
L12,4134,0,0,LK,4,501,68,4,0,20,784
L12,4136,1,0,LK,4,519,54,1,0,20,786
L12,4141,0,0,LK,4,477,74,3,100,20,791
L12,4499,0,0,LK,4,435,70,1,100,20,13
L12,4505,0,0,LK,11,598,75,0,10,20,19
L12,4506,0,0,LK,4,570,78,4,50,20,20
L12,4869,1,0,LK,11,601,68,2.5,100,20,383
L12,4871,1,0,LK,16,451,66,5,75,20,385
L12,4872,0,0,LK,16,426,65,0,0,20,386
L12,5227,1,0,LK,11,455,49,3,100,20,741
L12,5229,1,0,LK,16,440,60,5,100,20,743
L12,5235,0,0,LK,4,440,60,2,100,20,749
L12,5593,1,0,LK,4,438,45,0,0,20,1107
L12,5594,1,0,LK,13,390,50,1,5,20,1108
L12,5597,0,0,LK,12,434,68,0,80,20,1111
L12,5969,0,0,LK,1,490,62,0,0,20,50
L12,5972,0,0,LK,5,353,61,1,2,20,53
L14,3042,0,0,LK,4,531,69,2,0,21,9999
L14,3044,0,0,LK,4,497,63,0,10,21,9999
L14,3052,0,0,LK,4,518,65,0,100,21,9999
L14,3400,0,0,LK,4,547,64,6,60,21,9999
L14,3402,0,0,LK,4,590,68,0,0,21,9999
L14,3408,0,0,LK,4,504,55,0,0,21,9999
L14,3771,0,0,LK,4,539,68,2,0,21,9999
L14,3773,0,0,LK,4,470,60,3,100,21,9999
L14,3779,0,0,LK,4,519,70,1,90,21,9999
L14,4134,0,0,LK,4,524,70,3,0,21,9999
L14,4136,0,0,LK,4,511,52,4,0,21,9999
L14,4141,0,0,LK,4,487,74,1,90,21,9999
L14,4499,0,0,LK,4,465,72,0,100,21,9999
L14,4505,0,0,LK,11,589,75,5,10,21,9999
L14,4506,0,0,LK,4,581,76,0,75,21,9999
L14,4871,0,0,LK,16,439,66,7,75,21,78
L14,4872,0,0,LK,16,415,65,0,0,21,79
L14,5227,0,0,LK,11,434,48,5,100,21,434
L14,5229,0,0,LK,16,429,60,1,100,21,436
L14,5235,0,0,LK,4,425,60,0,100,21,442
L14,5593,0,0,LK,4,424,45,0,0,21,14
L14,5594,0,0,LK,13,380,49,1,5,21,15
L14,5597,0,0,LK,12,420,67,0,80,21,18
L16,3042,0,0,LK,4,577,73,1,0,22,9999
L16,3044,1,0,LK,4,475,62,3,10,22,9999
L16,3052,0,0,LK,4,550,66,1,100,22,9999
L16,3400,0,0,LK,4,573,68,7,45,22,9999
L16,3402,1,0,LK,4,505,66,0,0,22,9999
L16,3408,0,0,LK,4,526,58,1,0,22,9999
L16,3771,1,0,LK,4,571,70,1,2,22,9999
L16,3773,1,0,LK,4,490,60,4,100,22,9999
L16,3779,1,0,LK,4,545,72,0,85,22,9999
L16,4134,0,0,LK,4,552,72,5,0,22,41
L16,4136,0,0,LK,4,483,51,3,0,22,43
L16,4141,0,0,LK,4,518,76,2,90,22,48
L16,4499,1,0,LK,4,479,73,0,80,22,406
L16,4505,0,0,LK,11,569,73,10,10,22,412
L16,4506,1,0,LK,4,546,76,7,20,22,413
L16,4869,0,0,LK,11,408,68,2.5,100,22,776
L16,4871,0,0,LK,16,461,66,4,25,22,778
L16,4872,1,0,LK,16,446,68,0,0,22,779
L16,5227,1,0,LK,11,446,48,5,100,22,1134
L16,5229,1,0,LK,16,448,60,5,100,22,1136
L16,5235,1,0,LK,4,452,61,1,100,22,1142
L16,5593,1,0,LK,4,448,46,1,0,22,1500
L16,5594,1,0,LK,13,400,50,1,5,22,1501
L16,5597,1,0,LK,12,684,78,0,70,22,1504
L16,5969,1,0,LK,1,505,62,0,0,22,89
L16,5972,0,0,LK,5,384,61,1,5,22,92
L18,3042,0,0,LK,4,602,75,0,0,23,80
L18,3044,0,0,LK,4,456,61,0,10,23,82
L18,3052,0,0,LK,4,568,68,1,100,23,90
L18,3400,0,0,LK,4,593,69,4,100,23,438
L18,3402,1,0,LK,4,484,63,0,0,23,440
L18,3408,0,0,LK,4,555,61,1,0,23,446
L18,3771,0,0,LK,4,592,72,1,5,23,50
L18,3779,0,0,LK,4,563,74,0,90,23,58
L18,4134,1,0,LK,4,585,75,5,0,23,413
L18,4136,1,0,LK,4,462,50,0,0,23,415
L18,4141,1,0,LK,4,540,78,0,100,23,420
L18,4499,1,0,LK,4,682,77,0,90,23,778
L18,4505,0,0,LK,11,579,73,0,10,23,784
L18,4506,0,0,LK,4,557,77,6,20,23,785
L18,4869,1,0,LK,11,590,68,5,100,23,329
L18,4871,1,0,LK,16,688,83,2,0,23,331
L18,4872,1,0,LK,16,459,68,0,0,23,332
L18,5227,0,0,LK,11,634,55,3,100,23,13
L18,5229,0,0,LK,16,458,60,4,100,23,15
L18,5237,1,0,LK,4,504,58,2,30,23,23
L18,5593,1,0,LK,4,679,66,0,0,23,379
L18,5594,1,0,LK,13,464,54,2,0,23,380
L18,5597,1,0,LK,12,620,73,5,80,23,383
L18,5969,1,0,LK,1,558,75,0,5,23,755
L18,5972,1,0,LK,5,614,74,4,20,23,758
L21,3042,0,0,LK,4,635,80,2,0,24,9999
L21,3044,0,0,LK,4,424,61,0,10,24,9999
L21,3052,0,0,LK,4,602,71,0,100,24,9999
L21,3400,1,0,LK,4,593,75,0,10,24,9999
L21,3402,0,0,LK,4,447,60,0,10,24,9999
L21,3408,1,0,LK,4,604,65,4,0,24,9999
L21,3771,1,0,LK,4,665,80,3,1,24,9999
L21,3773,1,0,LK,4,375,58,1,100,24,9999
L21,3779,1,0,LK,4,637,79,4,90,24,9999
L21,4134,0,0,LK,4,617,76,6,10,24,9999
L21,4136,1,0,LK,4,396,44,0,0,24,9999
L21,4141,1,0,LK,4,611,81,4,100,24,9999
L21,4499,0,0,LK,4,529,74,1,100,24,36
L21,4505,0,0,LK,11,535,71,10,40,24,42
L21,4506,0,0,LK,4,505,74,6,0,24,43
L21,4869,0,0,LK,11,442,68,7.5,100,24,406
L21,4871,0,0,LK,16,509,68,7,15,24,408
L21,4872,0,0,LK,16,623,73,5,0,24,409
L21,5227,0,0,LK,11,659,57,5,100,24,46
L21,5229,0,0,LK,16,481,60,3,100,24,48
L21,5235,0,0,LK,4,481,61,2,100,24,54
L21,5593,0,0,LK,4,503,55,0,0,24,412
L21,5594,0,0,LK,13,443,54,0,0,24,413
L21,5597,0,0,LK,12,638,76,0,70,24,416
L21,5969,0,0,LK,1,540,70,0,0,24,788
L21,5972,0,0,LK,5,431,62,1,0,24,791
L23,3042,1,0,LK,4,658,83,9,0,25,1166
L23,3044,1,0,LK,4,400,60,0,10,25,1168
L23,3052,1,0,LK,4,631,75,0,95,25,1176
L23,3400,0,0,LK,4,615,76,1,10,25,75
L23,3402,1,0,LK,4,420,57,0,20,25,77
L23,3408,0,0,LK,4,629,66,1,0,25,83
L23,3771,1,0,LK,4,650,79,1,5,25,446
L23,3773,1,0,LK,4,402,58,0,100,25,448
L23,3779,1,0,LK,4,615,77,2,90,25,454
L23,4134,1,0,LK,4,603,76,6,10,25,39
L23,4136,1,0,LK,4,411,45,0,0,25,41
L23,4141,1,0,LK,4,594,81,2,100,25,46
L23,4499,1,0,LK,4,514,74,0,100,25,404
L23,4505,1,0,LK,11,519,70,5,50,25,410
L23,4506,1,0,LK,4,519,76,4,10,25,411
L23,4869,1,0,LK,11,432,68,2.5,100,25,774
L23,4871,1,0,LK,16,494,66,5,25,25,776
L23,4872,1,0,LK,16,634,76,4,0,25,777
L23,5227,0,0,LK,11,648,55,5,100,25,46
L23,5229,0,0,LK,16,497,60,2,100,25,48
L23,5235,1,0,LK,4,492,61,4,100,25,54
L23,5593,0,0,LK,4,490,49,0,0,25,412
L23,5594,0,0,LK,13,428,52,1,5,25,413
L23,5597,0,0,LK,12,652,76,0,70,25,416
L23,5969,1,0,LK,1,526,65,0,0,25,788
L23,5972,1,0,LK,5,416,62,1,0,25,791
L24,3042,1,0,LK,4,677,85,10,0,26,9999
L24,3044,1,0,LK,4,385,60,2,5,26,9999
L24,3052,1,0,LK,4,648,75,1,75,26,9999
L24,3400,1,0,LK,4,631,76,1,15,26,9999
L24,3402,0,0,LK,4,400,56,0,30,26,9999
L24,3408,0,0,LK,4,642,68,2,0,26,9999
L24,3771,1,0,LK,4,630,77,8,10,26,9999
L24,3773,1,0,LK,4,418,58,1,100,26,9999
L24,3779,1,0,LK,4,598,76,3,100,26,9999
L24,4130,0,0,LK,4,615,65,9,0,26,9999
L24,4136,0,0,LK,4,445,47,2,0,26,9999
L24,4141,0,0,LK,4,580,80,2,100,26,9999
L24,4499,0,0,LK,4,495,73,2,100,26,36
L24,4505,0,0,LK,11,553,72,5,20,26,42
L24,4506,0,0,LK,4,535,76,8,15,26,43
L24,4869,0,0,LK,11,419,68,2.5,100,26,406
L24,4871,1,0,LK,16,473,66,5,25,26,408
L24,4872,1,0,LK,16,648,76,5,0,26,409
L24,5227,0,0,LK,11,680,57,3,100,26,46
L24,5229,0,0,LK,16,475,60,4,100,26,48
L24,5235,0,0,LK,4,464,61,1,100,26,54
L24,5593,0,0,LK,4,459,46,1,0,26,412
L24,5594,0,0,LK,13,412,50,1,5,26,413
L24,5597,0,0,LK,12,671,78,0,70,26,416
L24,5969,0,0,LK,1,510,62,0,0,26,788
L24,5972,0,0,LK,5,400,61,1,0,26,791
L6,3042,0,0,LK,4,450,63,0,0,27,439
L6,3044,0,0,LK,4,590,73,2,15,27,441
L6,3052,0,0,LK,4,462,64,1,100,27,449
L6,3400,0,0,LK,4,454,57,5,100,27,36
L6,3402,0,0,LK,4,605,74,1,5,27,38
L6,3408,0,0,LK,4,430,43,0,0,27,44
L6,3771,0,0,LK,4,443,60,0,0,27,407
L6,3773,0,0,LK,4,560,64,3,100,27,409
L6,3779,0,0,LK,4,434,62,0,90,27,415
L6,4130,0,0,LK,4,454,50,0,0,27,766
L6,4136,0,0,LK,4,564,64,1,0,27,772
L6,4141,0,0,LK,4,429,74,0,100,27,777
L6,4499,0,0,LK,4,413,69,3,100,27,1135
L6,4505,0,0,LK,11,651,79,5,10,27,1141
L6,4506,0,0,LK,4,608,77,7,50,27,1142
L6,4871,0,0,LK,16,382,62,2,100,27,34
L6,4872,0,0,LK,16,394,65,0,0,27,35
L6,5227,1,0,LK,11,411,47,7,100,27,390
L6,5229,1,0,LK,16,405,60,4,100,27,392
L6,5235,1,0,LK,4,401,60,0,100,27,398
L6,5593,0,0,LK,4,401,45,0,0,27,756
L6,5594,0,0,LK,13,651,70,10,20,27,757
L6,5597,0,0,LK,12,396,64,5,60,27,760
L6,5969,0,0,LK,1,586,80,0,5,27,1132
L6,5970,0,0,LK,1,613,80,0,50,27,1133
L6,5972,0,0,LK,5,628,74,8,35,27,1135
L9,3042,0,0,LK,4,554,71,2,0,28,9999
L9,3044,0,0,LK,4,557,70,5,20,28,9999
L9,3052,0,0,LK,4,454,64,1,100,28,9999
L9,3400,0,0,LK,4,493,58,3,100,28,9999
L9,3402,0,0,LK,4,576,73,2,5,28,9999
L9,3408,0,0,LK,4,458,47,0,0,28,9999
L9,3771,0,0,LK,4,481,63,1,0,28,9999
L9,3773,0,0,LK,4,531,62,1,100,28,9999
L9,3779,0,0,LK,4,466,65,1,95,28,9999
L9,4130,0,0,LK,4,487,51,1,0,28,9999
L9,4136,0,0,LK,4,552,62,1,0,28,9999
L9,4141,0,0,LK,4,441,74,0,100,28,9999
L9,4499,0,0,LK,4,425,69,1,100,28,9999
L9,4505,0,0,LK,11,606,77,15,10,28,9999
L9,4506,0,0,LK,4,592,76,4,80,28,9999
L9,4869,0,0,LK,11,389,68,2.5,100,28,9999
L9,4871,0,0,LK,16,423,64,5,75,28,9999
L9,4872,0,0,LK,16,405,65,0,0,28,9999
L9,5227,0,0,LK,11,423,47,10,100,28,9999
L9,5229,0,0,LK,16,419,60,5,100,28,9999
L9,5235,0,0,LK,4,413,60,0,100,28,9999
L9,5593,0,0,LK,4,412,45,0,0,28,9999
L9,5594,0,0,LK,13,636,68,5,10,28,9999
L9,5597,0,0,LK,12,407,66,0,80,28,9999
L9,5969,0,0,LK,1,573,78,0,5,28,9999
L9,5970,0,0,LK,1,602,75,0,50,28,9999
L9,5972,0,0,LK,5,346,61,1,0,28,9999
M1,3042,0,1,MN,2,383,50,0,0,29,364
M1,3044,0,1,MN,2,703,65,0,2,29,366
M1,3052,0,1,MN,2,380,65,0,30,29,374
M1,3400,0,1,MN,9,550,60,3,95,29,722
M1,3402,1,1,MN,9,560,70,1,1,29,724
M1,3408,0,1,MN,9,430,45,1,5,29,730
M1,3771,0,1,MN,14,361,58,0,0,29,336
M1,3773,0,1,MN,14,623,66,2,100,29,338
M1,3778,0,1,MN,14,353,61,0,100,29,343
M1,4499,0,1,MN,11,383,69,0,100,29,321
M1,4500,0,1,MN,4,410,69,0,100,29,322
M1,4505,0,1,MN,16,379,58,0,0,29,327
M1,4869,0,1,MN,6,395,65,5,100,29,691
M1,4870,0,1,MN,4,395,65,0,100,29,692
M1,4871,0,1,MN,11,589,69,7.5,41,29,693
M1,5227,0,1,MN,4,377,47,0,100,29,298
M1,5231,1,1,MN,10,397,53,3,100,29,302
M1,5234,0,1,MN,11,574,65,1,88,29,305
M1,5593,0,0,MN,12,394,46,0,0,29,664
M1,5594,0,1,MN,16,377,52,0,0,29,665
M1,5597,0,1,MN,4,653,73,2,40,29,668
M1,5970,0,1,MN,1,347,50,0,0,29,365
M1,5971,0,1,MN,16,361,57,0,100,29,366
M10,3042,0,1,MN,2,498,60,0,0,30,371
M10,3044,1,1,MN,2,592,65,0,5,30,373
M10,3052,1,1,MN,2,495,65,0,100,30,0
M10,3400,0,1,MN,9,480,60,3,95,30,348
M10,3402,1,1,MN,9,675,80,1,1,30,350
M10,3408,0,1,MN,9,570,55,3,3,30,356
M10,3771,0,1,MN,14,463,64,0,0,30,719
M10,3773,0,1,MN,14,518,62,2,100,30,721
M10,3779,0,1,MN,14,372,62,0,100,30,727
M10,4499,0,1,MN,11,490,73,0,100,30,673
M10,4500,0,1,MN,4,612,76,6,70,30,674
M10,4505,0,1,MN,16,560,70,0,0,30,679
M10,4869,1,1,MN,6,459,66,7,100,30,341
M10,4870,0,1,MN,4,629,81,1,15,30,342
M10,4871,1,1,MN,11,450,69,1.5,41,30,343
M10,5227,0,1,MN,4,622,55,0,100,30,308
M10,5229,0,1,MN,10,555,64,12,90,30,310
M10,5234,0,1,MN,11,444,60,0,88,30,315
M10,5593,0,0,MN,12,512,58,0,0,30,674
M10,5594,1,1,MN,16,523,60,2,10,30,675
M10,5597,0,1,MN,4,619,70,0,40,30,678
M10,5970,1,1,MN,1,573,72,0,40,30,363
M10,5971,0,1,MN,16,416,59,2,100,30,364
M12,3042,0,1,MN,2,523,65,0,0,31,704
M12,3044,0,1,MN,2,567,65,2,5,31,706
M12,3052,1,1,MN,2,518,65,0,100,31,714
M12,3400,0,1,MN,9,510,60,5,95,31,1062
M12,3402,0,1,MN,9,585,75,1,1,31,1064
M12,3408,0,1,MN,9,665,65,1,3,31,1070
M12,3771,0,1,MN,14,484,66,0,0,31,333
M12,3773,0,1,MN,14,498,61,2,100,31,335
M12,3779,0,1,MN,14,393,62,2,100,31,341
M12,4499,0,1,MN,11,507,74,1,100,31,371
M12,4500,1,1,MN,4,664,77,7,80,31,372
M12,4505,0,1,MN,16,610,72,0,0,31,377
M12,4869,1,1,MN,6,406,65,5,100,31,741
M12,4870,1,1,MN,4,410,65,0,100,31,742
M12,4871,1,1,MN,11,440,69,0,41,31,743
M12,5227,1,1,MN,4,632,55,0,100,31,308
M12,5229,0,1,MN,10,536,64,10,85,31,310
M12,5234,0,1,MN,11,397,58,0,88,31,315
M12,5593,0,0,MN,12,527,57,0,0,31,674
M12,5594,0,1,MN,16,512,60,2,0,31,675
M12,5597,0,1,MN,4,606,68,0,90,31,678
M12,5970,0,1,MN,1,503,60,0,15,31,363
M12,5971,1,1,MN,1,681,70,10,100,31,364
M12,5971,0,1,MN,16,373,59,0,100,31,364
M14,3042,1,1,MN,2,546,65,0,0,32,371
M14,3044,1,1,MN,2,543,65,0,0,32,373
M14,3052,1,1,MN,2,546,65,0,100,32,381
M14,3400,1,1,MN,9,610,65,5,85,32,729
M14,3402,1,1,MN,9,500,65,1,1,32,731
M14,3408,0,1,MN,9,620,60,1,3,32,737
M14,3771,1,1,MN,14,506,68,4,0,32,333
M14,3773,0,1,MN,14,478,60,0,100,32,335
M14,3779,0,1,MN,14,413,62,2,100,32,341
M14,4499,0,1,MN,11,516,74,0,100,32,284
M14,4500,0,1,MN,4,652,77,6,95,32,285
M14,4505,0,1,MN,16,576,70,0,0,32,290
M14,4869,0,1,MN,6,416,65,6,100,32,654
M14,4870,0,1,MN,4,618,81,2,10,32,655
M14,4871,0,1,MN,11,431,69,0,41,32,656
M14,5227,0,1,MN,4,576,52,2,100,32,308
M14,5229,0,1,MN,10,523,64,10,85,32,310
M14,5234,0,1,MN,11,407,58,0,88,32,315
M14,5593,0,0,MN,12,538,59,4,0,32,674
M14,5594,0,1,MN,16,501,60,1,0,32,675
M14,5597,0,1,MN,4,595,66,0,100,32,678
M14,5970,1,1,MN,1,515,65,0,20,32,363
M14,5971,1,1,MN,16,385,59,0,100,32,364
M16,3042,0,1,MN,2,562,65,0,0,33,371
M16,3044,1,1,MN,2,526,65,5,0,33,373
M16,3052,1,1,MN,2,564,65,1,100,33,381
M16,3400,0,1,MN,9,630,65,5,85,33,729
M16,3402,0,1,MN,9,480,65,1,1,33,731
M16,3408,0,1,MN,9,600,60,1,3,33,737
M16,3771,1,1,MN,14,524,70,2,1,33,333
M16,3773,0,1,MN,14,460,60,0,100,33,335
M16,3779,1,1,MN,14,429,64,0,100,33,341
M16,4499,0,1,MN,11,524,74,2,100,33,284
M16,4500,1,1,MN,4,642,76,2,90,33,285
M16,4505,1,1,MN,16,595,72,0,0,33,290
M16,4869,1,1,MN,6,425,66,6,100,33,654
M16,4870,1,1,MN,4,609,76,4,30,33,655
M16,4871,1,1,MN,11,423,69,1.5,41,33,656
M16,5227,0,1,MN,4,585,52,2,100,33,308
M16,5229,0,1,MN,10,509,64,8,80,33,310
M16,5234,1,1,MN,11,417,59,0,88,33,315
M16,5593,0,0,MN,12,549,60,0,0,33,674
M16,5594,1,1,MN,16,492,60,0,0,33,675
M16,5597,0,1,MN,4,576,65,0,100,33,678
M16,5970,1,1,MN,1,524,65,0,25,33,363
M16,5971,0,1,MN,16,395,59,0,100,33,364
M20,3042,0,1,MN,2,620,75,2,0,34,371
M20,3044,0,1,MN,2,466,65,3,0,34,373
M20,3052,0,1,MN,2,611,65,2,100,34,381
M20,3402,0,1,MN,9,420,55,1,10,34,731
M20,3404,0,1,MN,9,695,75,1,30,34,733
M20,3408,0,1,MN,9,510,50,3,3,34,737
M20,3771,0,1,MN,14,572,76,2,4,34,335
M20,3773,0,1,MN,14,412,59,2,100,34,337
M20,3779,0,1,MN,14,483,68,2,100,34,343
M20,4499,1,1,MN,11,547,74,8,100,34,308
M20,4500,0,1,MN,4,466,70,0,100,34,309
M20,4505,0,1,MN,16,664,75,2,0,34,314
M20,4869,1,1,MN,6,491,68,7,100,34,678
M20,4870,1,1,MN,4,465,65,1,50,34,679
M20,4871,0,1,MN,11,608,69,10,41,34,680
M20,5227,0,1,MN,4,546,51,1,100,34,311
M20,5229,0,1,MN,10,395,60,10,100,34,313
M20,5234,0,1,MN,11,614,66,3,88,34,318
M20,5593,0,0,MN,12,565,60,4,0,34,677
M20,5594,1,1,MN,16,564,60,2,10,34,678
M20,5597,0,1,MN,4,424,64,0,95,34,681
M20,5970,0,1,MN,1,465,55,0,15,34,364
M20,5971,0,1,MN,1,646,65,10,95,34,365
M20,5971,0,1,MN,16,544,61,6,50,34,365
M22,3042,0,1,MN,2,656,75,0,0,35,371
M22,3044,0,1,MN,2,441,65,0,0,35,373
M22,3052,0,1,MN,2,618,65,0,100,35,381
M22,3400,0,1,MN,9,580,65,5,70,35,729
M22,3402,0,1,MN,9,520,65,1,1,35,731
M22,3408,0,1,MN,9,470,45,1,5,35,737
M22,3771,0,1,MN,14,598,79,8,10,35,335
M22,3773,0,1,MN,14,387,58,2,100,35,337
M22,3779,0,1,MN,14,511,70,2,100,35,343
M22,4499,0,1,MN,11,560,74,1,100,35,308
M22,4500,0,1,MN,4,445,69,0,100,35,309
M22,4505,0,1,MN,16,650,73,3,0,35,314
M22,4869,0,1,MN,6,477,66,7,100,35,678
M22,4870,1,1,MN,4,448,65,1,100,35,679
M22,4871,1,1,MN,11,405,69,0,41,35,680
M22,5227,0,1,MN,4,525,51,1,100,35,311
M22,5229,0,1,MN,10,377,60,7,100,35,313
M22,5234,0,1,MN,11,592,66,5,88,35,318
M22,5593,0,0,MN,12,581,61,2,0,35,677
M22,5594,0,1,MN,16,578,65,2,10,35,678
M22,5597,0,1,MN,4,403,63,1,100,35,681
M22,5970,0,1,MN,1,479,55,0,15,35,364
M22,5971,0,1,MN,1,634,65,10,95,35,365
M22,5971,0,1,MN,16,560,61,4,50,35,365
M25,3042,0,1,MN,2,686,80,5,0,36,686
M25,3044,0,1,MN,2,399,65,2,0,36,688
M25,3052,0,1,MN,2,639,65,0,90,36,696
M25,3400,1,1,MN,9,570,60,5,75,36,347
M25,3402,1,1,MN,9,540,70,1,1,36,349
M25,3408,1,1,MN,9,450,45,1,5,36,355
M25,3771,0,1,MN,14,635,82,8,10,36,718
M25,3773,0,1,MN,14,356,58,2,100,36,720
M25,3779,0,1,MN,14,550,73,4,100,36,726
M25,4499,0,1,MN,11,568,75,15,100,36,671
M25,4500,0,1,MN,4,421,69,0,100,36,672
M25,4505,0,1,MN,16,630,73,2,0,36,677
M25,4869,0,1,MN,6,382,65,7,100,36,346
M25,4870,0,1,MN,4,383,65,0,100,36,347
M25,4871,0,1,MN,11,386,69,0,41,36,348
M25,5231,0,1,MN,10,409,54,3,100,36,708
M25,5234,0,1,MN,11,583,66,0,88,36,711
M25,5237,0,1,MN,4,484,57,5,40,36,714
M25,5593,0,0,MN,12,591,61,0,0,36,328
M25,5594,1,1,MN,16,363,52,0,0,36,329
M25,5597,0,1,MN,4,381,63,1,100,36,332
M25,5970,0,1,MN,1,490,60,0,20,36,705
M25,5971,0,1,MN,1,625,65,10,95,36,706
M25,5971,0,1,MN,16,350,57,2,100,36,706
M3,3042,0,1,MN,2,406,50,2,0,37,364
M3,3044,0,1,MN,2,680,65,0,5,37,366
M3,3052,0,1,MN,2,405,65,0,60,37,374
M3,3400,1,1,MN,9,540,60,3,95,37,722
M3,3402,0,1,MN,9,600,75,1,1,37,724
M3,3408,0,1,MN,9,410,45,1,5,37,730
M3,3771,1,1,MN,14,382,58,0,0,37,336
M3,3778,1,1,MN,14,375,61,0,100,37,343
M3,4499,0,1,MN,11,392,69,0,100,37,321
M3,4500,1,1,MN,4,675,78,7,90,37,322
M3,4505,0,1,MN,16,392,58,0,0,37,327
M3,4869,0,1,MN,6,591,70,7,100,37,691
M3,4870,0,1,MN,4,645,82,5,10,37,692
M3,4871,0,1,MN,11,575,69,7.5,41,37,693
M3,5227,1,1,MN,4,391,47,0,100,37,298
M3,5231,1,1,MN,10,385,53,3,100,37,302
M3,5234,0,1,MN,11,564,65,3,88,37,305
M3,5593,0,0,MN,12,404,46,0,0,37,664
M3,5594,1,1,MN,16,387,55,0,0,37,665
M3,5597,1,1,MN,4,643,72,3,40,37,668
M3,5970,1,1,MN,1,355,50,0,0,37,365
M3,5971,1,1,MN,16,452,59,0,100,37,366
M5,3042,0,1,MN,2,429,55,0,0,38,90
M5,3044,0,1,MN,2,659,65,0,0,38,92
M5,3052,0,1,MN,2,426,65,1,90,38,100
M5,3400,0,1,MN,9,405,55,5,99,38,448
M5,3402,0,1,MN,9,620,75,2,1,38,450
M5,3408,0,1,MN,9,400,45,2,5,38,456
M5,3771,0,1,MN,14,404,59,0,0,38,819
M5,3773,0,1,MN,14,583,64,0,100,38,821
M5,3778,0,1,MN,14,400,61,0,100,38,826
M5,4499,0,1,MN,11,400,69,0,100,38,431
M5,4500,0,1,MN,4,583,75,1,90,38,432
M5,4505,0,1,MN,16,404,58,0,0,38,437
M5,4869,1,1,MN,6,582,69,8,100,38,801
M5,4870,0,1,MN,4,570,72,5,40,38,802
M5,4871,0,1,MN,11,565,69,5,41,38,803
M5,5227,1,1,MN,4,403,47,2,100,38,188
M5,5231,1,1,MN,10,372,53,3,100,38,192
M5,5234,0,1,MN,11,552,65,5,88,38,195
M5,5593,1,0,MN,12,413,46,0,0,38,189
M5,5594,1,1,MN,16,396,55,0,0,38,190
M5,5597,0,1,MN,4,527,65,0,100,38,193
M5,5970,1,1,MN,1,366,50,0,0,38,89
M5,5971,0,1,MN,16,443,59,2,100,38,90
M7,3042,1,1,MN,2,457,55,0,0,39,354
M7,3044,1,1,MN,2,633,65,1,0,39,356
M7,3052,0,1,MN,2,454,65,0,80,39,364
M7,3400,1,1,MN,9,435,60,3,90,39,712
M7,3402,1,1,MN,9,640,80,3,1,39,714
M7,3408,1,1,MN,9,635,65,2,3,39,720
M7,3771,0,1,MN,14,428,61,0,0,39,316
M7,3773,0,1,MN,14,557,64,0,100,39,318
M7,3779,0,1,MN,14,587,75,2,100,39,324
M7,4499,0,1,MN,11,485,73,0,100,39,280
M7,4500,1,1,MN,4,597,75,3,80,39,281
M7,4505,0,1,MN,16,545,68,0,0,39,286
M7,4869,1,1,MN,6,448,66,3,100,39,650
M7,4870,0,1,MN,4,584,72,4,30,39,651
M7,4871,0,1,MN,11,466,69,1.5,41,39,652
M7,5227,0,1,MN,4,610,53,2,100,39,325
M7,5229,0,1,MN,10,570,65,10,75,39,327
M7,5234,1,1,MN,11,430,59,0,88,39,332
M7,5593,1,0,MN,12,499,56,0,0,39,691
M7,5594,0,1,MN,16,535,60,2,10,39,692
M7,5597,1,1,MN,4,541,65,0,100,39,695
M7,5970,1,1,MN,1,549,72,0,25,39,0
M7,5971,0,1,MN,1,663,65,10,100,39,1
M7,5971,0,1,MN,16,427,59,0,100,39,1
N11,3042,1,1,MN,15,495,60,0,0,40,353
N11,3044,0,1,MN,15,545,70,10,0,40,355
N11,3052,1,1,MN,15,500,68,2,100,40,363
N11,3400,0,1,MN,15,505,55,4,100,40,711
N11,3402,1,1,MN,15,535,70,0,0,40,713
N11,3408,1,1,MN,15,475,54,0,0,40,719
N11,3771,0,1,MN,11,492,65,0,0,40,348
N11,3773,0,1,MN,11,517,61,3,1,40,350
N11,3779,0,1,MN,11,488,70,2,0,40,356
N11,4130,1,1,MN,11,502,55,2,0,40,707
N11,4141,1,1,MN,11,486,78,0,100,40,718
N11,4142,0,1,MN,11,479,64,0,100,40,719
N11,4499,0,1,MN,11,443,70,0,100,40,225
N11,4500,0,1,MN,4,513,72,1,100,40,226
N11,4505,1,1,MN,16,481,64,0,0,40,231
N11,4869,0,1,MN,6,529,68,4,100,40,595
N11,4870,1,1,MN,4,509,70,1,95,40,596
N11,4871,0,1,MN,11,518,69,2.5,41,40,597
N11,5227,0,1,MN,16,453,48,2,100,40,953
N11,5229,0,1,MN,10,444,62,10,100,40,955
N11,5234,0,1,MN,11,490,62,0,88,40,960
N11,5593,0,1,MN,16,438,55,0,0,40,316
N11,5594,0,1,MN,16,455,58,0,0,40,317
N11,5597,0,1,MN,4,460,66,0,90,40,320
N11,5970,0,1,MN,1,426,53,0,10,40,693
N11,5971,0,1,MN,16,508,61,0,50,40,694
N12,3042,0,1,MN,15,505,60,0,0,41,711
N12,3044,1,1,MN,15,535,70,10,0,41,713
N12,3052,0,1,MN,15,510,68,2,100,41,721
N12,3400,1,1,MN,15,515,55,6,100,41,343
N12,3402,1,1,MN,15,525,65,0,0,41,345
N12,3408,1,1,MN,15,485,54,0,0,41,351
N12,3771,0,1,MN,11,499,66,0,0,41,714
N12,3773,0,1,MN,11,506,61,3,0,41,716
N12,3779,0,1,MN,11,480,69,2,0,41,722
N12,4130,0,1,MN,11,509,56,2,0,41,337
N12,4141,0,1,MN,11,477,77,0,100,41,348
N12,4142,0,1,MN,11,487,64,0,100,41,349
N12,4498,0,1,MN,4,461,70,0,100,41,705
N12,4500,0,1,MN,11,609,75,15,100,41,707
N12,4506,0,1,MN,16,440,63,0,100,41,713
N12,4869,0,1,MN,16,448,63,2,100,41,249
N12,4870,0,1,MN,6,396,65,5,100,41,250
N12,4871,0,1,MN,4,449,69,0,20,41,251
N12,5227,1,1,MN,16,443,48,2,100,41,607
N12,5229,0,1,MN,4,647,66,4,70,41,609
N12,5235,0,1,MN,10,421,60,6,100,41,615
N12,5593,0,1,MN,16,429,55,0,0,41,973
N12,5594,0,1,MN,4,569,63,2,0,41,974
N12,5597,0,1,MN,13,480,65,1,80,41,977
N12,5969,0,1,MN,16,428,53,0,0,41,350
N12,5972,0,1,MN,1,408,60,5,0,41,353
N14,3042,0,1,MN,15,525,60,0,0,42,349
N14,3044,0,1,MN,15,515,65,8,0,42,351
N14,3052,0,1,MN,15,530,70,2,100,42,359
N14,3400,0,1,MN,15,535,60,10,100,42,707
N14,3402,0,1,MN,15,510,65,0,0,42,709
N14,3408,0,1,MN,15,500,54,0,0,42,715
N14,3773,0,1,MN,11,487,60,3,0,42,324
N14,3779,0,1,MN,11,463,67,2,0,42,330
N14,4130,0,1,MN,11,525,58,3,0,42,681
N14,4141,0,1,MN,11,462,75,1,100,42,692
N14,4142,0,1,MN,11,502,64,0,100,42,693
N14,4498,0,1,MN,4,473,72,0,100,42,312
N14,4500,0,1,MN,11,618,75,5,100,42,314
N14,4506,0,1,MN,16,452,63,2,75,42,320
N14,4869,0,1,MN,16,459,64,2,100,42,683
N14,4870,0,1,MN,6,488,68,5,75,42,684
N14,4871,0,1,MN,4,461,69,1,40,42,685
N14,5227,0,1,MN,4,484,50,1,100,42,327
N14,5235,0,1,MN,10,409,59,6,100,42,335
N14,5237,0,1,MN,4,453,56,2,90,42,337
N14,5593,0,1,MN,16,464,55,0,0,42,693
N14,5594,0,1,MN,4,579,63,0,0,42,694
N14,5597,0,1,MN,13,450,65,0,90,42,697
N14,5969,0,1,MN,16,438,58,0,0,42,1069
N14,5972,0,1,MN,1,403,60,5,0,42,1072
N17,3042,0,1,MN,15,555,65,0,0,43,1098
N17,3044,1,1,MN,15,480,62,4,0,43,1100
N17,3052,0,1,MN,15,560,70,0,100,43,1108
N17,3400,0,1,MN,15,580,60,10,100,43,1456
N17,3402,1,1,MN,15,475,60,0,0,43,1458
N17,3408,0,1,MN,15,535,54,0,0,43,1464
N17,3771,0,1,MN,11,543,71,2,0,43,53
N17,3773,0,1,MN,11,457,59,0,0,43,55
N17,3779,0,1,MN,11,433,64,0,0,43,61
N17,4141,0,1,MN,11,445,74,3,100,43,423
N17,4142,0,1,MN,11,522,64,0,100,43,424
N17,4498,0,1,MN,4,640,78,5,70,43,31
N17,4500,1,1,MN,11,427,70,2,100,43,33
N17,4506,0,1,MN,16,648,75,5,40,43,39
N17,4869,1,1,MN,16,660,70,6,100,43,402
N17,4870,0,1,MN,6,386,65,4,100,43,403
N17,4871,0,1,MN,4,592,76,2,15,43,404
N17,5227,0,1,MN,16,472,48,2,100,43,760
N17,5229,0,1,MN,4,500,62,4,100,43,762
N17,5235,0,1,MN,10,397,59,8,100,43,768
N17,5593,0,0,MN,12,639,63,0,0,43,306
N17,5594,1,1,MN,4,630,65,4,25,43,307
N17,5597,0,1,MN,13,417,64,0,100,43,310
N17,5969,0,1,MN,16,644,65,1,0,43,682
N17,5972,0,1,MN,1,586,62,10,15,43,685
N2,3042,1,1,MN,15,400,55,0,0,44,90
N2,3044,1,1,MN,15,635,75,8,0,44,92
N2,3052,1,1,MN,15,390,64,0,100,44,100
N2,3400,1,1,MN,15,395,52,2,100,44,448
N2,3402,0,1,MN,15,640,75,0,0,44,450
N2,3408,1,1,MN,15,380,54,0,0,44,456
N2,3771,1,1,MN,11,394,58,0,0,44,819
N2,3773,0,1,MN,11,620,66,0,1,44,821
N2,3779,0,1,MN,11,603,78,6,0,44,827
N2,4130,1,1,MN,11,386,43,0,0,44,62
N2,4141,0,1,MN,11,585,82,0,100,44,73
N2,4142,0,1,MN,11,370,64,0,100,44,74
N2,4499,1,1,MN,11,409,69,0,100,44,431
N2,4500,1,1,MN,4,570,72,1,85,44,432
N2,4505,1,1,MN,16,419,60,0,0,44,437
N2,4869,1,1,MN,6,572,69,6,100,44,801
N2,4870,1,1,MN,4,559,70,3,45,44,802
N2,4871,1,1,MN,11,558,69,2.5,41,44,803
N2,5227,1,1,MN,4,417,47,0,100,44,188
N2,5229,0,1,MN,10,647,67,12,70,44,190
N2,5234,1,1,MN,11,540,64,0,88,44,195
N2,5593,0,0,MN,12,424,46,0,0,44,189
N2,5594,1,1,MN,16,404,55,0,0,44,190
N2,5597,0,1,MN,4,515,65,0,100,44,193
N2,5970,1,1,MN,1,376,50,0,0,44,89
N2,5971,1,1,MN,16,463,59,2,100,44,90
N20,3042,1,1,MN,15,590,70,2,0,45,1098
N20,3044,0,1,MN,15,450,62,0,0,45,1100
N20,3052,0,1,MN,15,590,75,2,100,45,1108
N20,3402,1,1,MN,15,445,57,0,0,45,1458
N20,3408,0,1,MN,15,565,60,2,0,45,1464
N20,3409,1,1,MN,15,480,55,0,0,45,1465
N20,3771,0,1,MN,11,569,76,2,0,45,53
N20,3773,0,1,MN,11,424,59,0,0,45,55
N20,3779,0,1,MN,11,408,62,2,0,45,61
N20,4130,1,1,MN,11,579,62,4,0,45,412
N20,4141,1,1,MN,11,415,74,0,100,45,423
N20,4142,1,1,MN,11,551,64,0,100,45,424
N20,4499,1,1,MN,11,456,70,0,100,45,32
N20,4500,1,1,MN,4,501,72,3,100,45,33
N20,4505,1,1,MN,16,496,64,0,0,45,38
N20,4869,0,1,MN,6,519,68,5,100,45,402
N20,4870,1,1,MN,4,495,70,0,70,45,403
N20,4871,1,1,MN,11,503,69,2.5,41,45,404
N20,5227,0,1,MN,4,499,50,1,100,45,760
N20,5229,1,1,MN,10,429,60,13,100,45,762
N20,5234,0,1,MN,11,479,62,0,88,45,767
N20,5593,0,0,MN,12,468,49,0,0,45,306
N20,5594,1,1,MN,16,468,60,0,0,45,307
N20,5597,1,1,MN,13,429,64,0,90,45,310
N20,5970,0,1,MN,1,437,55,0,10,45,683
N20,5971,0,1,MN,16,519,61,3,50,45,684
N23,3042,1,1,MN,15,620,75,2,0,46,371
N23,3044,1,1,MN,15,390,62,0,0,46,373
N23,3052,1,1,MN,15,620,75,2,100,46,381
N23,3402,1,1,MN,15,415,57,0,0,46,731
N23,3408,0,1,MN,15,600,60,2,0,46,737
N23,3409,1,1,MN,15,450,50,0,0,46,738
N23,3771,0,1,MN,11,611,80,8,0,46,333
N23,3773,0,1,MN,11,396,58,2,0,46,335
N23,3778,0,1,MN,11,407,61,0,0,46,340
N23,4130,0,1,MN,11,604,64,6,0,46,692
N23,4141,1,1,MN,11,390,73,0,100,46,703
N23,4142,1,1,MN,11,582,64,0,100,46,704
N23,4499,1,1,MN,11,465,72,0,100,46,284
N23,4500,0,1,MN,4,485,71,1,100,46,285
N23,4505,0,1,MN,16,514,64,0,0,46,290
N23,4869,0,1,MN,6,506,68,5,100,46,654
N23,4870,0,1,MN,4,483,68,1,50,46,655
N23,4871,0,1,MN,11,414,69,0,41,46,656
N23,5227,1,1,MN,4,512,51,3,100,46,308
N23,5229,1,1,MN,10,413,60,8,100,46,310
N23,5234,1,1,MN,11,468,62,0,88,46,315
N23,5593,0,0,MN,12,478,52,0,0,46,674
N23,5594,0,1,MN,16,482,60,0,0,46,675
N23,5970,0,1,MN,1,448,55,0,10,46,363
N23,5971,0,1,MN,16,530,61,3,50,46,364
N26,3042,0,1,MN,15,660,75,2,0,47,1611
N26,3044,0,1,MN,15,380,62,0,0,47,1613
N26,3052,0,1,MN,15,650,75,2,100,47,1621
N26,3402,0,1,MN,15,380,57,0,0,47,1971
N26,3408,0,1,MN,15,640,60,2,0,47,1977
N26,3409,0,1,MN,15,405,50,0,0,47,1978
N26,3771,0,1,MN,11,631,82,6,0,47,316
N26,3773,0,1,MN,11,372,58,2,0,47,318
N26,3778,0,1,MN,11,390,61,0,0,47,323
N26,4130,1,1,MN,11,625,65,6,0,47,47
N26,4141,1,1,MN,11,370,73,3,100,47,58
N26,4142,1,1,MN,11,614,64,0,100,47,59
N26,4499,1,1,MN,11,474,73,0,100,47,416
N26,4500,0,1,MN,4,626,76,2,90,47,417
N26,4505,0,1,MN,16,526,66,0,0,47,422
N26,4869,1,1,MN,6,435,66,4,100,47,786
N26,4870,1,1,MN,4,598,74,2,40,47,787
N26,4871,1,1,MN,11,485,69,2.5,41,47,788
N26,5227,0,1,MN,4,595,52,5,100,47,325
N26,5229,0,1,MN,10,494,64,10,95,47,327
N26,5234,0,1,MN,11,456,62,0,88,47,332
N26,5593,1,0,MN,12,486,53,0,0,47,691
N26,5597,0,1,MN,4,564,65,0,100,47,695
N26,5970,1,1,MN,1,535,70,0,35,47,0
N26,5971,1,1,MN,16,404,59,0,100,47,1
N4,3042,0,1,MN,15,420,55,0,0,48,74
N4,3044,0,1,MN,15,610,75,8,0,48,76
N4,3052,0,1,MN,15,420,64,0,100,48,84
N4,3400,0,1,MN,15,425,52,2,100,48,432
N4,3402,1,1,MN,15,610,70,0,0,48,434
N4,3408,0,1,MN,15,400,54,0,0,48,440
N4,3771,0,1,MN,11,426,59,0,0,48,40
N4,3773,0,1,MN,11,601,65,3,0,48,42
N4,3779,0,1,MN,11,579,76,4,0,48,48
N4,4130,0,1,MN,11,410,47,0,0,48,399
N4,4141,0,1,MN,11,560,82,0,100,48,410
N4,4142,0,1,MN,11,378,64,0,100,48,411
N4,4499,0,1,MN,11,418,69,0,100,48,768
N4,4500,1,1,MN,4,559,72,0,100,48,769
N4,4505,1,1,MN,16,435,58,0,0,48,774
N4,4869,0,1,MN,6,562,69,8,100,48,117
N4,4870,1,1,MN,4,546,70,1,80,48,118
N4,4871,0,1,MN,11,547,69,5,41,48,119
N4,5227,1,1,MN,4,430,48,0,100,48,475
N4,5229,1,1,MN,10,633,67,12,50,48,477
N4,5234,1,1,MN,11,529,65,3,88,48,482
N4,5593,0,0,MN,12,435,47,0,0,48,841
N4,5594,1,1,MN,16,418,55,0,0,48,842
N4,5597,0,1,MN,4,498,65,0,100,48,845
N4,5970,0,1,MN,1,391,50,0,0,48,1218
N4,5971,0,1,MN,16,474,60,0,100,48,1219
N6,3042,1,1,MN,15,445,55,0,0,49,354
N6,3044,1,1,MN,15,590,70,8,0,49,356
N6,3052,0,1,MN,15,445,64,0,100,49,364
N6,3400,0,1,MN,15,445,55,2,100,49,712
N6,3402,0,1,MN,15,590,70,0,0,49,714
N6,3408,0,1,MN,15,425,54,0,0,49,720
N6,3771,0,1,MN,11,447,60,0,0,49,316
N6,3773,0,1,MN,11,580,64,2,0,49,318
N6,3779,0,1,MN,11,553,75,4,0,49,324
N6,4130,0,1,MN,11,429,50,0,0,49,675
N6,4141,0,1,MN,11,541,81,7,100,49,686
N6,4142,0,1,MN,11,427,64,0,100,49,687
N6,4499,0,1,MN,11,426,69,0,100,49,280
N6,4500,1,1,MN,4,543,72,0,100,49,281
N6,4505,0,1,MN,16,446,60,0,0,49,286
N6,4869,1,1,MN,6,553,69,3,100,49,650
N6,4870,0,1,MN,4,536,70,3,75,49,651
N6,4871,0,1,MN,11,538,69,2.5,41,49,652
N6,5227,0,1,MN,4,446,48,0,100,49,325
N6,5229,0,1,MN,10,613,67,10,50,49,327
N6,5234,0,1,MN,11,520,63,0,88,49,332
N6,5593,0,0,MN,12,444,49,0,0,49,691
N6,5594,1,1,MN,16,428,58,0,0,49,692
N6,5597,0,1,MN,4,487,66,1,100,49,695
N6,5970,0,1,MN,1,401,53,0,10,49,0
N6,5971,0,1,MN,16,483,60,0,80,49,1
N9,3042,0,1,MN,15,480,55,0,0,50,111
N9,3044,0,1,MN,15,560,70,10,0,50,113
N9,3052,0,1,MN,15,480,64,0,100,50,121
N9,3400,0,1,MN,15,480,55,2,100,50,469
N9,3402,0,1,MN,15,560,70,0,0,50,471
N9,3408,0,1,MN,15,455,54,0,0,50,477
N9,3771,0,1,MN,11,473,63,0,0,50,19
N9,3773,0,1,MN,11,551,63,0,0,50,21
N9,3779,0,1,MN,11,527,73,4,0,50,27
N9,4130,0,1,MN,11,456,51,1,0,50,378
N9,4141,0,1,MN,11,523,81,2,100,50,389
N9,4142,0,1,MN,11,446,64,0,100,50,390
N9,4499,0,1,MN,11,435,70,0,100,50,747
N9,4500,0,1,MN,4,526,72,1,100,50,748
N9,4505,0,1,MN,16,465,62,0,0,50,753
N9,4869,0,1,MN,6,542,68,4,100,50,341
N9,4870,0,1,MN,4,523,70,1,95,50,342
N9,4871,0,1,MN,11,529,69,2.5,41,50,343
N9,5227,1,1,MN,4,465,49,1,100,50,699
N9,5229,1,1,MN,10,460,62,10,90,50,701
N9,5234,1,1,MN,11,503,62,0,88,50,706
N9,5593,0,1,MN,16,450,55,0,0,50,1065
N9,5594,0,1,MN,16,441,58,0,0,50,1066
N9,5597,0,1,MN,4,472,66,0,90,50,1069
N9,5970,0,1,MN,1,413,53,0,15,50,316
N9,5971,0,1,MN,16,495,61,0,80,50,317
P1,3043,1,1,PQ,7,378,59,0,0,51,351
P1,3049,0,1,PQ,7,703,64,20,0,51,357
P1,3053,1,1,PQ,7,360,60,0,0,51,361
P1,3399,0,1,PQ,3,400,57,0,90,51,707
P1,3401,0,1,PQ,3,656,71.5,2,100,51,709
P1,3407,0,1,PQ,3,380,52,0,0,51,715
P1,3770,1,1,PQ,8,380,60,1,0,51,334
P1,3772,1,1,PQ,8,367,60,0,0,51,336
P1,3774,1,1,PQ,8,637,74,5,40,51,338
P1,4499,1,1,PQ,11,370,69,0,100,51,430
P1,4500,1,1,PQ,4,433,69,0,100,51,431
P1,4505,1,1,PQ,16,640,75,2,0,51,436
P1,4869,1,1,PQ,6,367,65,7,100,51,800
P1,4870,0,1,PQ,4,432,65,0,100,51,801
P1,4871,1,1,PQ,11,395,69,0,41,51,802
P1,5227,0,1,PQ,4,565,51,2,100,51,311
P1,5229,1,1,PQ,10,365,60,3,100,51,313
P1,5234,1,1,PQ,11,382,56,0,88,51,318
P1,5593,0,0,PQ,12,605,62,2,0,51,677
P1,5594,0,1,PQ,16,588,65,4,10,51,678
P13,3043,0,1,PQ,7,523,67,3,0,52,350
P13,3049,0,1,PQ,7,553,51,20,0,52,356
P13,3053,0,1,PQ,7,506,72,0,0,52,360
P13,3399,0,1,PQ,3,541,61.6,0,95,52,706
P13,3401,0,1,PQ,3,534,64.7,1,100,52,708
P13,3407,0,1,PQ,3,499,55.3,2,0,52,714
P13,3770,1,1,PQ,8,527,64,0,0,52,321
P13,3772,0,1,PQ,8,492,65,0,10,52,323
P13,3774,1,1,PQ,8,511,65,2,100,52,325
P13,4498,0,1,PQ,4,627,78,0,75,52,312
P13,4500,0,1,PQ,11,439,70,10,100,52,314
P13,4506,0,1,PQ,16,605,72,5,10,52,320
P13,4869,0,1,PQ,16,626,68,0,100,52,683
P13,4870,0,1,PQ,6,499,68,5,80,52,684
P13,4871,0,1,PQ,4,577,75,3,25,52,685
P13,5227,0,1,PQ,16,521,50,0,100,52,327
P13,5229,0,1,PQ,4,510,62,5,100,52,329
P13,5235,0,1,PQ,10,655,64,10,100,52,335
P13,5593,0,1,PQ,16,584,60,0,0,52,693
P13,5594,0,1,PQ,4,381,51,0,0,52,694
P13,5597,0,1,PQ,13,689,76,1,90,52,697
P13,5969,0,1,PQ,16,609,65,0,0,52,1069
P13,5972,0,1,PQ,1,553,62,10,5,52,1072
P16,3043,0,1,PQ,7,554,74,5,0,53,819
P16,3049,0,1,PQ,7,522,49,20,0,53,825
P16,3053,0,1,PQ,7,539,75,3,0,53,829
P16,3399,0,1,PQ,3,573,63.9,0,95,53,334
P16,3401,0,1,PQ,3,528,64.3,1,100,53,336
P16,3407,0,1,PQ,3,531,57.8,2,0,53,342
P16,3770,1,1,PQ,8,558,72,0,0,53,705
P16,3772,0,1,PQ,8,513,68,0,10,53,707
P16,3774,0,1,PQ,8,485,63,2,100,53,709
P16,4498,1,1,PQ,4,612,78,1,70,53,712
P16,4500,1,1,PQ,11,467,70,0,100,53,714
P16,4506,1,1,PQ,16,592,70,6,10,53,720
P16,4869,0,1,PQ,16,614,68,0,100,53,319
P16,4870,0,1,PQ,6,510,68,7,90,53,320
P16,4871,0,1,PQ,4,565,75,5,20,53,321
P16,5227,0,1,PQ,16,537,50,1,100,53,282
P16,5229,0,1,PQ,4,522,62,2,60,53,284
P16,5235,0,1,PQ,10,646,64,9,100,53,290
P16,5593,0,1,PQ,16,598,60,0,0,53,648
P16,5594,0,1,PQ,4,394,51,0,0,53,649
P16,5597,0,1,PQ,13,676,74,1,90,53,652
P16,5969,0,1,PQ,16,596,65,0,0,53,336
P16,5972,0,1,PQ,1,518,62,10,10,53,339
P17,3043,1,1,PQ,7,567,74,3,0,54,819
P17,3049,0,1,PQ,7,505,46,20,0,54,825
P17,3053,0,1,PQ,7,553,75,0,0,54,829
P17,3399,0,1,PQ,3,587,64.6,0,95,54,334
P17,3401,1,1,PQ,3,480,64.4,1,100,54,336
P17,3407,0,1,PQ,3,543,58.3,4,0,54,342
P17,3770,1,1,PQ,8,569,73,1,0,54,705
P17,3772,0,1,PQ,8,536,68,0,10,54,707
P17,3774,0,1,PQ,8,473,63,2,100,54,709
P17,4498,0,1,PQ,4,599,77,2,85,54,712
P17,4500,0,1,PQ,11,455,70,5,100,54,714
P17,4506,0,1,PQ,16,577,70,6,0,54,720
P17,4869,1,1,PQ,16,600,65,5,100,54,319
P17,4870,1,1,PQ,6,521,68,8,75,54,320
P17,4871,1,1,PQ,4,552,75,2,20,54,321
P17,5227,1,1,PQ,16,551,50,1,100,54,282
P17,5229,1,1,PQ,4,534,62,4,80,54,284
P17,5235,1,1,PQ,10,632,64,8,100,54,290
P17,5593,0,1,PQ,16,569,58,0,0,54,648
P17,5594,0,1,PQ,4,408,51,0,0,54,649
P17,5597,0,1,PQ,13,665,72,2,90,54,652
P17,5969,1,1,PQ,16,578,65,0,0,54,336
P17,5972,1,1,PQ,1,536,62,10,10,54,339
P21,3043,0,1,PQ,7,632,76,3,0,55,819
P21,3049,0,1,PQ,7,454,44,10,0,55,825
P21,3053,0,1,PQ,7,612,76,1,0,55,829
P21,3399,0,1,PQ,3,642,74.2,0,25,55,334
P21,3401,1,1,PQ,3,445,64.8,1,100,55,336
P21,3407,0,1,PQ,3,583,60.2,2,0,55,342
P21,5593,1,1,PQ,16,551,58,0,0,55,648
P21,5594,0,1,PQ,4,439,52,0,0,55,649
P21,5597,0,1,PQ,13,653,71,1,90,55,652
P21,5969,1,1,PQ,16,540,65,0,0,55,336
P21,5972,1,1,PQ,1,493,62,10,0,55,339
P22,3043,0,1,PQ,7,651,77,5,0,56,350
P22,3049,1,1,PQ,7,435,44,10,0,56,356
P22,3053,1,1,PQ,7,652,77,1,0,56,360
P22,3399,0,1,PQ,3,650,67.3,0,95,56,706
P22,3401,0,1,PQ,3,423,63,1,100,56,708
P22,3407,0,1,PQ,3,597,62,4,0,56,714
P22,3770,0,1,PQ,8,626,77,0,0,56,314
P22,3772,0,1,PQ,8,592,72,0,10,56,316
P22,3774,0,1,PQ,8,410,61,2,100,56,318
P22,4498,0,1,PQ,4,563,76,3,50,56,1042
P22,4500,0,1,PQ,11,515,73,5,100,56,1044
P22,4506,0,1,PQ,16,541,70,4,0,56,1050
P22,4869,0,1,PQ,16,556,65,3,100,56,319
P22,4870,0,1,PQ,6,550,70,8,40,56,320
P22,4871,1,1,PQ,4,514,73,1,30,56,321
P22,5227,0,1,PQ,16,581,50,1,100,56,282
P22,5229,0,1,PQ,4,560,65,3,60,56,284
P22,5235,0,1,PQ,10,608,64,8,100,56,290
P22,5593,0,1,PQ,16,538,58,0,0,56,648
P22,5594,0,1,PQ,4,422,52,0,0,56,649
P22,5597,0,1,PQ,13,614,69,1,90,56,652
P22,5969,0,1,PQ,16,515,65,0,0,56,336
P22,5972,0,1,PQ,1,478,62,10,0,56,339
P26,3043,0,1,PQ,7,693,80,5,0,57,350
P26,3049,1,1,PQ,7,382,43,3,0,57,356
P26,3053,1,1,PQ,7,679,78,1,0,57,360
P26,3399,0,1,PQ,3,691,73.3,2,50,57,706
P26,3401,0,1,PQ,3,382,64.4,1,100,57,708
P26,3407,0,1,PQ,3,649,66.3,3,0,57,714
P26,3770,0,1,PQ,8,661,79,0,0,57,314
P26,3772,0,1,PQ,8,637,76,1,40,57,316
P26,3774,1,1,PQ,8,362,61,2,100,57,318
P26,4498,0,1,PQ,4,548,76,0,50,57,1042
P26,4500,0,1,PQ,11,526,73,15,100,57,1044
P26,4506,1,1,PQ,16,526,70,2,0,57,1050
P26,4869,1,1,PQ,16,539,65,8,100,57,319
P26,4870,1,1,PQ,6,561,70,9,50,57,320
P26,4871,1,1,PQ,4,364,68,0,25,57,321
P26,5227,1,1,PQ,16,594,50,5,100,57,282
P26,5229,1,1,PQ,4,577,64,2,45,57,284
P26,5235,0,1,PQ,10,597,64,9,100,57,290
P26,5593,0,1,PQ,16,525,58,0,0,57,648
P26,5594,0,1,PQ,4,460,55,0,0,57,649
P26,5597,0,1,PQ,13,602,69,1,90,57,652
P26,5969,0,1,PQ,16,501,64,0,0,57,336
P26,5972,1,1,PQ,1,466,62,10,0,57,339
P3,3043,0,1,PQ,7,405,60,1,0,58,351
P3,3049,0,1,PQ,7,680,64,25,0,58,357
P3,3053,0,1,PQ,7,380,60,0,0,58,361
P3,3399,1,1,PQ,3,430,57.1,0,90,58,707
P3,3401,0,1,PQ,3,640,71.6,2,100,58,709
P3,3407,1,1,PQ,3,398,52.2,0,0,58,715
P3,3770,1,1,PQ,8,403,60,0,0,58,334
P3,3772,0,1,PQ,8,387,60,0,0,58,336
P3,3774,0,1,PQ,8,620,71,5,50,58,338
P3,4498,0,1,PQ,4,662,79,3,70,58,429
P3,4500,1,1,PQ,11,400,69,0,100,58,431
P3,4506,0,1,PQ,16,623,72,5,40,58,437
P3,4869,0,1,PQ,16,638,68,5,100,58,800
P3,4870,1,1,PQ,6,362,65,4,100,58,801
P3,4871,1,1,PQ,4,614,77,5,1,58,802
P3,5227,1,1,PQ,16,508,50,1,100,58,311
P3,5229,1,1,PQ,4,478,60,3,100,58,313
P3,5235,1,1,PQ,10,366,59,3,100,58,319
P3,5593,0,1,PQ,16,621,60,0,0,58,677
P3,5594,0,1,PQ,4,654,67,1,35,58,678
P3,5597,0,1,PQ,13,390,63,1,100,58,681
P3,5969,0,1,PQ,16,623,65,0,0,58,363
P3,5972,0,1,PQ,1,560,62,10,5,58,366
P9,3043,1,1,PQ,7,477,65,2,0,59,1099
P9,3049,0,1,PQ,7,603,55,25,0,59,1105
P9,3053,1,1,PQ,7,453,66,0,0,59,1109
P9,3399,0,1,PQ,3,495,61.4,0,95,59,1455
P9,3401,0,1,PQ,3,579,66,2,100,59,1457
P9,3407,1,1,PQ,3,458,53.8,0,0,59,1463
P9,3770,0,1,PQ,8,480,62,0,0,59,52
P9,3772,0,1,PQ,8,448,62,0,20,59,54
P9,3774,0,1,PQ,8,554,67,2,100,59,56
P9,4498,0,1,PQ,4,651,78,4,65,59,31
P9,4500,0,1,PQ,11,415,70,0,100,59,33
P9,4506,0,1,PQ,16,634,72,5,40,59,39
P9,4869,1,1,PQ,16,652,70,3,100,59,402
P9,4870,1,1,PQ,6,374,65,4,100,59,403
P9,4871,1,1,PQ,4,604,76,1,5,59,404
P9,5227,0,1,PQ,16,486,48,2,100,59,760
P9,5229,0,1,PQ,4,489,62,6,100,59,762
P9,5235,0,1,PQ,10,380,59,5,100,59,768
P9,5593,0,0,PQ,12,624,62,4,0,59,306
P9,5594,0,1,PQ,4,643,66,5,35,59,307
P9,5597,0,1,PQ,13,405,63,1,100,59,310
P9,5969,0,1,PQ,16,633,65,0,0,59,682
P9,5972,0,1,PQ,1,572,62,10,10,59,685
Q11,3043,1,1,PQ,4,504,66,0,0,60,712
Q11,3049,0,1,PQ,4,543,52,10,0,60,718
Q11,3053,1,1,PQ,4,492,69,0,0,60,722
Q11,3401,1,1,PQ,4,551,62,3,100,60,344
Q11,3407,0,1,PQ,4,479,55,5,0,60,350
Q11,3413,0,1,PQ,4,495,64,2,40,60,356
Q11,3770,1,1,PQ,4,503,63,0,0,60,713
Q11,3772,1,1,PQ,4,521,68,2,10,60,715
Q11,3774,1,1,PQ,4,486,64,4,100,60,717
Q11,4135,0,1,PQ,4,489,63,1,0,60,342
Q11,4137,0,1,PQ,4,497,58,0,0,60,344
Q11,4143,0,1,PQ,4,485,68,0,100,60,350
Q11,4498,0,1,PQ,4,504,72,3,50,60,705
Q11,4506,0,1,PQ,16,482,66,0,40,60,713
Q11,4869,1,1,PQ,16,494,65,5,100,60,249
Q11,4870,0,1,PQ,6,468,68,7,60,60,250
Q11,4871,1,1,PQ,4,484,71,0,40,60,251
Q11,5227,0,1,PQ,16,644,55,3,100,60,607
Q11,5235,0,1,PQ,10,566,64,15,100,60,615
Q11,5237,0,1,PQ,4,423,55,3,100,60,617
Q11,5593,0,1,PQ,16,487,55,0,0,60,973
Q11,5594,1,1,PQ,4,602,65,0,10,60,974
Q11,5597,0,1,PQ,13,463,65,0,80,60,977
Q11,5969,1,1,PQ,16,464,58,0,0,60,350
Q11,5972,0,1,PQ,1,379,60,5,0,60,353
Q12,3043,0,1,PQ,4,516,66,0,0,61,1804
Q12,3049,0,1,PQ,4,531,51,11,0,61,1810
Q12,3053,0,1,PQ,4,509,71,0,0,61,1814
Q12,3401,0,1,PQ,4,538,62,2,100,61,83
Q12,3407,0,1,PQ,4,490,56,4,0,61,89
Q12,3413,0,1,PQ,4,506,65,1,40,61,95
Q12,3770,0,1,PQ,4,516,63,0,0,61,452
Q12,3772,0,1,PQ,4,511,66,0,10,61,454
Q12,3774,0,1,PQ,4,499,65,2,100,61,456
Q12,4135,0,1,PQ,4,501,63,2,0,61,817
Q12,4137,0,1,PQ,4,486,55,0,0,61,819
Q12,4143,0,1,PQ,4,498,68,0,100,61,825
Q12,4498,0,1,PQ,4,487,72,0,90,61,344
Q12,4500,0,1,PQ,11,630,75,5,100,61,346
Q12,4506,0,1,PQ,16,470,65,0,25,61,352
Q12,4869,0,1,PQ,16,682,75,6,100,61,715
Q12,4870,0,1,PQ,6,478,68,8,45,61,716
Q12,4871,0,1,PQ,4,472,70,3,65,61,717
Q12,5227,0,1,PQ,16,635,55,1,100,61,327
Q12,5235,0,1,PQ,10,576,64,13,100,61,335
Q12,5237,0,1,PQ,4,435,56,2,100,61,337
Q12,5593,1,1,PQ,16,497,55,0,0,61,693
Q12,5594,1,1,PQ,4,591,64,0,0,61,694
Q12,5597,0,1,PQ,13,577,67,0,100,61,697
Q12,5969,0,1,PQ,16,453,58,0,0,61,336
Q12,5972,0,1,PQ,1,389,60,5,0,61,339
Q15,3043,1,1,PQ,4,554,72,1,0,62,354
Q15,3049,0,1,PQ,4,493,49,5,0,62,360
Q15,3053,1,1,PQ,4,546,74,0,0,62,364
Q15,3399,1,1,PQ,4,546,62,0,100,62,710
Q15,3401,1,1,PQ,4,502,61,4,100,62,712
Q15,3413,0,1,PQ,4,540,65,2,35,62,724
Q15,3770,0,1,PQ,4,555,69,0,0,62,347
Q15,3772,0,1,PQ,4,472,63,0,0,62,349
Q15,3774,0,1,PQ,4,529,66,1,100,62,351
Q15,4135,0,1,PQ,4,537,64,2,0,62,712
Q15,4137,0,1,PQ,4,450,47,0,0,62,714
Q15,4143,0,1,PQ,4,530,68,0,100,62,720
Q15,4498,1,1,PQ,4,435,70,0,100,62,224
Q15,4500,0,1,PQ,11,597,75,15,100,62,226
Q15,4506,0,1,PQ,16,426,63,2,100,62,232
Q15,4869,0,1,PQ,16,435,63,0,100,62,595
Q15,4870,0,1,PQ,6,406,66,4,100,62,596
Q15,4871,0,1,PQ,4,438,69,0,0,62,597
Q15,5227,0,1,PQ,16,428,48,2,100,62,953
Q15,5235,0,1,PQ,10,431,60,6,100,62,961
Q15,5237,0,1,PQ,4,468,57,5,50,62,963
Q15,5593,0,1,PQ,16,416,55,0,0,62,316
Q15,5594,0,1,PQ,4,556,63,0,0,62,317
Q15,5597,0,1,PQ,13,492,66,2,90,62,320
Q15,5969,0,1,PQ,16,418,53,0,0,62,692
Q15,5972,1,1,PQ,1,418,60,5,0,62,695
Q19,3043,0,1,PQ,4,593,75,1,0,63,110
Q19,3049,0,1,PQ,4,452,44,5,0,63,116
Q19,3053,0,1,PQ,4,593,75,0,0,63,120
Q19,3401,0,1,PQ,4,464,61,1,100,63,468
Q19,3407,0,1,PQ,4,514,58,4,0,63,474
Q19,3413,0,1,PQ,4,578,67,0,50,63,480
Q19,3770,0,1,PQ,4,599,75,3,0,63,48
Q19,3772,0,1,PQ,4,432,62,0,0,63,50
Q19,3774,0,1,PQ,4,564,68,2,80,63,52
Q19,4135,0,1,PQ,4,578,66,5,0,63,413
Q19,4137,0,1,PQ,4,411,44,0,0,63,415
Q19,4143,0,1,PQ,4,562,70,1,100,63,421
Q19,4498,1,1,PQ,4,421,70,0,100,63,776
Q19,4500,1,1,PQ,11,584,75,0,100,63,778
Q19,4506,0,1,PQ,16,414,63,0,100,63,784
Q19,4869,0,1,PQ,16,420,63,0,100,63,90
Q19,4870,0,1,PQ,6,417,66,5,100,63,91
Q19,4871,0,1,PQ,4,425,69,0,0,63,92
Q19,5227,0,1,PQ,16,414,48,2,100,63,448
Q19,5229,0,1,PQ,4,636,66,5,30,63,450
Q19,5235,0,1,PQ,10,442,60,5,100,63,456
Q19,5593,0,1,PQ,16,399,50,0,0,63,814
Q19,5594,0,1,PQ,4,530,62,0,0,63,815
Q19,5597,0,1,PQ,13,505,66,1,100,63,818
Q19,5969,0,1,PQ,16,405,53,0,0,63,57
Q19,5972,0,1,PQ,1,431,60,5,0,63,60
Q2,3043,0,1,PQ,4,391,59,0,0,64,9999
Q2,3049,0,1,PQ,4,646,64,8,0,64,9999
Q2,3053,0,1,PQ,4,388,60,0,30,64,9999
Q2,3401,0,1,PQ,4,656,70,1,100,64,9999
Q2,3407,0,1,PQ,4,381,52,0,0,64,9999
Q2,3413,0,1,PQ,4,393,62,0,80,64,9999
Q2,3770,0,1,PQ,4,385,60,0,0,64,77
Q2,3772,0,1,PQ,4,626,75,3,50,64,79
Q2,3774,0,1,PQ,4,384,61,1,100,64,81
Q2,4135,0,1,PQ,4,387,56,0,0,64,442
Q2,4137,0,1,PQ,4,617,68,0,0,64,444
Q2,4143,0,1,PQ,4,385,68,0,100,64,450
Q2,4498,0,1,PQ,4,367,68,0,100,64,805
Q2,4500,0,1,PQ,11,553,75,5,100,64,807
Q2,4506,0,1,PQ,16,366,63,0,100,64,813
Q2,4869,0,1,PQ,16,368,62,1,100,64,53
Q2,4871,0,1,PQ,4,399,68,0,0,64,55
Q2,5227,0,1,PQ,16,365,45,4,100,64,411
Q2,5229,0,1,PQ,4,604,65,2,20,64,413
Q2,5235,0,1,PQ,10,518,62,12,100,64,419
Q2,5593,0,1,PQ,16,364,50,0,0,64,777
Q2,5594,0,1,PQ,4,488,56,1,0,64,778
Q2,5597,0,1,PQ,13,546,67,1,100,64,781
Q2,5969,0,1,PQ,16,365,52,0,0,64,41
Q2,5972,0,1,PQ,1,345,60,0,0,64,44
Q23,3043,1,1,PQ,4,646,78,0,0,65,306
Q23,3049,0,1,PQ,4,405,43,6,0,65,312
Q23,3053,1,1,PQ,4,638,77,2,0,65,316
Q23,3401,1,1,PQ,4,411,58,3,99,65,664
Q23,3407,1,1,PQ,4,556,61,10,0,65,670
Q23,3413,1,1,PQ,4,619,72,1,50,65,676
Q23,3770,0,1,PQ,4,643,78,3,0,65,77
Q23,3772,0,1,PQ,4,391,60,0,0,65,79
Q23,3774,0,1,PQ,4,607,71,2,50,65,81
Q23,4135,1,1,PQ,4,618,70,3,0,65,442
Q23,4137,0,1,PQ,4,398,44,0,0,65,444
Q23,4143,0,1,PQ,4,574,70,0,100,65,450
Q23,4498,1,1,PQ,4,403,68,0,100,65,805
Q23,4500,0,1,PQ,11,570,75,15,100,65,807
Q23,4506,0,1,PQ,16,403,63,0,100,65,813
Q23,4869,1,1,PQ,16,402,63,0,100,65,356
Q23,4870,1,1,PQ,6,431,66,6,90,65,357
Q23,4871,1,1,PQ,4,411,68,0,0,65,358
Q23,5227,0,1,PQ,16,400,48,1,100,65,714
Q23,5229,0,1,PQ,4,618,66,3,20,65,716
Q23,5235,0,1,PQ,10,455,60,10,100,65,722
Q23,5593,1,1,PQ,16,386,50,0,0,65,1080
Q23,5594,0,1,PQ,4,511,60,0,0,65,1081
Q23,5597,1,1,PQ,13,520,66,1,100,65,1084
Q23,5969,0,1,PQ,16,390,52,0,0,65,350
Q23,5972,0,1,PQ,1,442,65,5,0,65,353
Q4,3043,0,1,PQ,4,418,60,2,0,66,306
Q4,3049,0,1,PQ,4,625,62,10,0,66,312
Q4,3053,1,1,PQ,4,415,60,0,10,66,316
Q4,3401,1,1,PQ,4,629,68,0,100,66,664
Q4,3407,0,1,PQ,4,405,52,0,0,66,670
Q4,3413,0,1,PQ,4,415,62,2,80,66,676
Q4,3770,0,1,PQ,4,415,60,0,0,66,77
Q4,3772,0,1,PQ,4,607,73,4,30,66,79
Q4,3774,0,1,PQ,4,405,61,0,100,66,81
Q4,4135,0,1,PQ,4,412,56,1,0,66,442
Q4,4137,0,1,PQ,4,598,67,1,0,66,444
Q4,4143,0,1,PQ,4,409,68,0,100,66,450
Q4,4498,0,1,PQ,4,385,68,0,100,66,805
Q4,4500,0,1,PQ,11,542,75,5,100,66,807
Q4,4506,0,1,PQ,16,382,63,0,100,66,813
Q4,4869,0,1,PQ,16,386,63,0,100,66,356
Q4,4870,0,1,PQ,6,444,67,7,80,66,357
Q4,4871,0,1,PQ,4,389,68,0,0,66,358
Q4,5227,1,1,PQ,16,383,45,4,100,66,714
Q4,5229,1,1,PQ,4,594,65,3,30,66,716
Q4,5235,1,1,PQ,10,503,62,13,100,66,722
Q4,5593,0,1,PQ,16,376,50,0,0,66,1080
Q4,5594,0,1,PQ,4,500,57,3,0,66,1081
Q4,5597,0,1,PQ,13,533,67,1,100,66,1084
Q4,5969,1,1,PQ,16,376,52,0,0,66,350
Q4,5972,1,1,PQ,1,356,60,0,0,66,353
Q5,3043,1,1,PQ,4,429,61,1,0,67,350
Q5,3049,1,1,PQ,4,614,61,16,0,67,356
Q5,3053,1,1,PQ,4,426,60,0,10,67,360
Q5,3401,0,1,PQ,4,619,68,0,100,67,708
Q5,3407,1,1,PQ,4,416,52,0,0,67,714
Q5,3413,1,1,PQ,4,436,63,0,60,67,720
Q5,3770,1,1,PQ,4,426,60,0,0,67,314
Q5,3772,0,1,PQ,4,598,72,3,30,67,316
Q5,3774,0,1,PQ,4,418,61,3,100,67,318
Q5,4135,0,1,PQ,4,422,56,0,0,67,679
Q5,4137,0,1,PQ,4,568,66,0,0,67,681
Q5,4143,0,1,PQ,4,418,68,0,100,67,687
Q5,4498,0,1,PQ,4,535,74,4,40,67,344
Q5,4500,0,1,PQ,11,530,75,10,100,67,346
Q5,4506,0,1,PQ,16,512,67,2,20,67,352
Q5,4869,0,1,PQ,16,525,65,3,100,67,319
Q5,4870,0,1,PQ,6,572,70,9,40,67,320
Q5,4871,1,1,PQ,4,376,68,1,20,67,321
Q5,5227,1,1,PQ,16,608,55,3,100,67,677
Q5,5229,1,1,PQ,4,581,65,1,40,67,679
Q5,5235,0,1,PQ,10,587,64,13,100,67,685
Q5,5593,0,1,PQ,16,515,55,0,0,67,1043
Q5,5594,0,1,PQ,4,473,56,2,5,67,1044
Q5,5597,0,1,PQ,13,590,68,2,100,67,1047
Q5,5969,0,1,PQ,16,490,64,0,0,67,336
Q5,5972,1,1,PQ,1,455,65,10,0,67,339
Q7,3043,0,1,PQ,4,458,62,0,0,68,712
Q7,3049,0,1,PQ,4,586,56,9,0,68,718
Q7,3053,0,1,PQ,4,451,62,0,0,68,722
Q7,3401,0,1,PQ,4,594,66,4,100,68,344
Q7,3407,0,1,PQ,4,442,53,0,0,68,350
Q7,3413,0,1,PQ,4,458,63,2,40,68,356
Q7,3770,0,1,PQ,4,451,60,0,0,68,713
Q7,3772,0,1,PQ,4,571,70,4,20,68,715
Q7,3774,0,1,PQ,4,443,62,3,100,68,717
Q7,4135,0,1,PQ,4,446,57,0,0,68,342
Q7,4137,0,1,PQ,4,540,63,0,0,68,344
Q7,4143,0,1,PQ,4,443,68,0,100,68,350
Q7,4498,0,1,PQ,4,519,73,3,70,68,705
Q7,4506,0,1,PQ,16,498,66,2,30,68,713
Q7,4869,0,1,PQ,16,507,65,5,100,68,249
Q7,4870,0,1,PQ,6,457,67,7,80,68,250
Q7,4871,0,1,PQ,4,497,72,1,50,68,251
Q7,5227,0,1,PQ,16,625,55,3,100,68,607
Q7,5235,0,1,PQ,10,556,64,14,100,68,615
Q7,5237,0,1,PQ,4,412,55,0,90,68,617
Q7,5593,0,1,PQ,16,474,55,0,0,68,973
Q7,5594,0,1,PQ,4,615,65,4,15,68,974
Q7,5597,0,1,PQ,13,560,67,0,100,68,977
Q7,5969,0,1,PQ,16,476,58,0,0,68,350
Q7,5972,0,1,PQ,1,368,60,0,0,68,353
R1,3043,1,0,JR,15,375,55,0,0,69,92
R1,3049,0,0,JR,15,650,65,15,0,69,98
R1,3053,1,0,JR,15,375,55,0,0,69,102
R1,3399,1,0,JR,15,380,51,0,80,69,448
R1,3401,1,0,JR,15,650,70,8,100,69,450
R1,3407,1,0,JR,15,610,53,0,0,69,456
R1,3770,0,0,JR,14,365,60,0,0,69,5
R1,3772,0,0,JR,14,665,77,2,90,69,7
R1,3774,0,0,JR,14,351,61,2,100,69,9
R1,4498,1,0,JR,11,491,72,0,100,69,0
R1,4500,0,0,JR,16,592,75,6,100,69,2
R1,4505,0,0,JR,4,502,64,2,60,69,7
R1,4869,1,0,JR,4,527,72,1,100,69,371
R1,4870,1,0,JR,11,489,69,0,69,69,372
R1,4871,0,0,JR,6,477,67,6,85,69,373
R1,5227,1,0,JR,10,521,51,5,100,69,729
R1,5229,0,0,JR,11,496,58,8,77,69,731
R1,5237,0,0,JR,16,486,60,8,50,69,739
R1,5593,0,0,JR,13,513,53,1,0,69,13
R1,5594,0,0,JR,12,538,68,2,0,69,14
R1,5601,0,0,JR,16,520,60,0,40,69,21
R1,5969,1,0,JR,5,496,56,1,0,69,389
R1,5970,1,0,JR,16,539,60,0,0,69,390
R1,5971,1,0,JR,1,486,65,0,75,69,391
R12,3043,1,0,JR,15,490,65,0,0,70,365
R12,3049,0,0,JR,15,540,50,12,0,70,371
R12,3053,1,0,JR,15,490,65,0,0,70,375
R12,3399,0,0,JR,15,490,58,0,80,70,39
R12,3401,1,0,JR,15,540,65,4,100,70,41
R12,3407,1,0,JR,15,485,55,4,0,70,47
R12,3770,1,0,JR,14,510,63,2,0,70,410
R12,3772,1,0,JR,14,529,68,4,35,70,412
R12,3774,1,0,JR,14,488,65,8,100,70,414
R12,4498,1,0,JR,11,557,76,1,80,70,395
R12,4500,1,0,JR,16,658,78,6,90,70,397
R12,4505,1,0,JR,4,432,58,0,20,70,402
R12,4869,1,0,JR,4,593,73,1,100,70,766
R12,4870,0,0,JR,11,559,69,12.5,69,70,767
R12,4871,0,0,JR,6,409,66,4,100,70,0
R12,5227,1,0,JR,10,600,51,5,100,70,356
R12,5229,0,0,JR,11,572,58,5,77,70,358
R12,5237,0,0,JR,16,561,65,8,0,70,366
R12,5593,0,0,JR,13,585,62,2,0,70,14
R12,5594,0,0,JR,12,678,78,5,0,70,15
R12,5601,0,0,JR,16,583,60,0,100,70,22
R12,5969,1,0,JR,5,560,64,1,2,70,390
R12,5970,0,0,JR,16,607,65,0,10,70,391
R12,5971,1,0,JR,1,550,65,10,70,70,392
R14,3043,0,0,JR,15,510,65,0,0,71,785
R14,3049,0,0,JR,15,520,50,12,0,71,791
R14,3053,0,0,JR,15,510,65,0,0,71,795
R14,3399,0,0,JR,15,510,58,0,80,71,1141
R14,3401,0,0,JR,15,520,65,4,100,71,1143
R14,3407,0,0,JR,15,505,55,8,0,71,1149
R14,3770,0,0,JR,14,535,66,4,0,71,73
R14,3772,0,0,JR,14,503,66,0,25,71,75
R14,3774,0,0,JR,14,509,65,8,100,71,77
R14,4498,0,0,JR,11,569,76,10,90,71,801
R14,4500,0,0,JR,16,671,78,6,100,71,803
R14,4505,1,0,JR,4,410,58,0,25,71,0
R14,4869,1,0,JR,4,601,73,0,100,71,364
R14,4870,0,0,JR,11,575,69,12.5,69,71,365
R14,4871,0,0,JR,6,395,66,2,100,71,366
R14,5227,0,0,JR,10,615,51,5,100,71,722
R14,5229,0,0,JR,11,585,58,3,77,71,724
R14,5237,0,0,JR,16,576,65,10,30,71,732
R14,5593,0,0,JR,13,595,63,1,0,71,203
R14,5594,0,0,JR,12,435,55,0,0,71,204
R14,5601,0,0,JR,16,595,60,0,100,71,4
R14,5969,0,0,JR,5,578,64,4,4,71,372
R14,5970,0,0,JR,16,618,70,0,10,71,373
R14,5971,0,0,JR,1,563,65,5,80,71,374
R16,3043,1,0,JR,15,535,70,0,0,72,785
R16,3049,1,0,JR,15,495,46,12,0,72,791
R16,3053,0,0,JR,15,535,70,0,0,72,795
R16,3399,0,0,JR,15,530,60,2,80,72,1141
R16,3401,0,0,JR,15,500,65,4,100,72,1143
R16,3407,0,0,JR,15,525,55,5,0,72,1149
R16,3770,0,0,JR,14,552,72,2,0,72,73
R16,3772,0,0,JR,14,482,64,0,25,72,75
R16,3774,0,0,JR,14,527,67,10,100,72,77
R16,4498,1,0,JR,11,577,76,10,90,72,801
R16,4500,1,0,JR,16,683,78,7,100,72,803
R16,4505,1,0,JR,4,399,57,0,10,72,0
R16,4869,1,0,JR,4,618,73,1,100,72,364
R16,4870,1,0,JR,11,585,69,12.5,69,72,365
R16,4871,0,0,JR,6,384,66,2,100,72,366
R16,5227,0,0,JR,10,625,51,5,100,72,722
R16,5229,0,0,JR,11,595,58,5,77,72,724
R16,5237,1,0,JR,16,587,65,10,50,72,732
R16,5593,1,0,JR,13,607,64,1,0,72,203
R16,5594,0,0,JR,12,444,57,0,0,72,204
R16,5601,0,0,JR,16,603,60,0,100,72,4
R16,5969,1,0,JR,5,588,64,4,4,72,372
R16,5970,0,0,JR,16,628,70,0,30,72,373
R16,5971,0,0,JR,1,574,65,5,80,72,374
R18,3043,1,0,JR,15,560,70,0,0,73,400
R18,3049,1,0,JR,15,470,46,10,0,73,406
R18,3053,1,0,JR,15,560,70,2,0,73,410
R18,3399,1,0,JR,15,565,60,0,80,73,34
R18,3401,1,0,JR,15,470,65,2,100,73,36
R18,3407,1,0,JR,15,545,60,8,0,73,42
R18,3770,1,0,JR,14,582,74,0,0,73,405
R18,3772,1,0,JR,14,456,62,0,25,73,407
R18,3774,0,0,JR,14,550,68,8,100,73,409
R18,4498,0,0,JR,11,591,76,5,80,73,371
R18,4500,0,0,JR,16,694,78,7,90,73,373
R18,4505,1,0,JR,4,386,57,0,10,73,378
R18,4869,1,0,JR,4,629,73,1,100,73,742
R18,4870,1,0,JR,11,608,69,12.5,69,73,743
R18,4871,1,0,JR,6,373,65,3,100,73,0
R18,5227,1,0,JR,10,636,51,8,100,73,356
R18,5229,0,0,JR,11,604,58,8,77,73,358
R18,5237,0,0,JR,16,610,65,10,50,73,366
R18,5593,1,0,JR,13,622,65,1,0,73,204
R18,5594,1,0,JR,12,456,57,0,0,73,205
R18,5601,0,0,JR,16,614,60,0,100,73,4
R18,5969,0,0,JR,5,593,64,4,2,73,372
R18,5970,0,0,JR,16,637,70,0,40,73,373
R18,5971,1,0,JR,1,583,65,10,90,73,374
R20,3043,0,0,JR,15,580,70,0,0,74,6
R20,3049,1,0,JR,15,450,46,10,0,74,12
R20,3053,0,0,JR,15,580,70,2,0,74,16
R20,3399,1,0,JR,15,580,60,0,80,74,362
R20,3407,0,0,JR,15,565,60,1,0,74,370
R20,3770,1,0,JR,14,600,76,2,0,74,733
R20,3772,1,0,JR,14,433,62,0,20,74,735
R20,3774,0,0,JR,14,569,69,12,100,74,737
R20,4498,0,0,JR,11,601,68,10,90,74,704
R20,4500,0,0,JR,16,704,78,7,80,74,706
R20,4505,1,0,JR,4,375,57,0,10,74,0
R20,4869,0,0,JR,4,639,73,1,100,74,364
R20,4870,1,0,JR,11,625,69,10,69,74,365
R20,4871,1,0,JR,6,364,65,3,100,74,366
R20,5227,1,0,JR,10,645,51,8,100,74,722
R20,5229,0,0,JR,11,613,58,15,77,74,724
R20,5237,1,0,JR,16,619,65,8,50,74,732
R20,5593,0,0,JR,13,637,66,1,0,74,307
R20,5594,0,0,JR,12,465,57,2,0,74,308
R20,5601,0,0,JR,16,622,60,0,100,74,4
R20,5969,0,0,JR,5,607,64,1,2,74,372
R20,5970,0,0,JR,16,645,70,0,40,74,373
R20,5971,0,0,JR,1,593,65,10,95,74,374
R25,3043,0,0,JR,15,640,75,5,0,75,6
R25,3049,1,0,JR,15,395,44,10,0,75,12
R25,3053,1,0,JR,15,640,75,2,0,75,16
R25,3399,0,0,JR,15,645,65,0,80,75,362
R25,3401,0,0,JR,15,405,65,2,100,75,364
R25,3407,0,0,JR,15,620,65,1,0,75,370
R25,3770,0,0,JR,14,665,80,4,0,75,733
R25,3772,1,0,JR,14,371,60,0,0,75,735
R25,3774,0,0,JR,14,631,74,10,60,75,737
R25,4498,0,0,JR,11,470,72,1,100,75,704
R25,4500,0,0,JR,16,556,75,0,100,75,706
R25,4870,0,0,JR,11,597,69,10,69,75,365
R25,4871,0,0,JR,6,542,69,8,25,75,366
R25,5227,0,0,JR,10,658,51,8,100,75,722
R25,5237,0,0,JR,16,599,65,10,50,75,732
R25,5594,0,0,JR,12,477,60,5,0,75,308
R25,5601,0,0,JR,16,457,58,0,40,75,4
R25,5969,1,0,JR,5,466,56,1,0,75,372
R25,5970,1,0,JR,16,481,57,0,0,75,373
R25,5971,0,0,JR,1,605,65,10,95,75,374
R3,3043,0,0,JR,15,400,55,0,0,76,398
R3,3049,0,0,JR,15,630,65,15,0,76,404
R3,3053,1,0,JR,15,400,55,0,0,76,408
R3,3399,1,0,JR,15,400,51,0,80,76,40
R3,3401,1,0,JR,15,630,70,4,100,76,42
R3,3407,1,0,JR,15,395,53,0,0,76,48
R3,3770,0,0,JR,14,392,60,0,0,76,411
R3,3772,0,0,JR,14,637,76,4,85,76,413
R3,3774,0,0,JR,14,381,61,8,100,76,415
R3,4498,0,0,JR,11,502,72,0,100,76,346
R3,4500,0,0,JR,16,571,75,3,100,76,348
R3,4505,1,0,JR,4,488,62,1,0,76,353
R3,4869,0,0,JR,4,543,72,0,100,76,33
R3,4870,0,0,JR,11,502,69,0,69,76,34
R3,4871,1,0,JR,6,459,67,5,100,76,35
R3,5227,1,0,JR,10,540,51,5,100,76,391
R3,5229,0,0,JR,11,516,58,10,77,76,393
R3,5237,1,0,JR,16,503,60,8,0,76,401
R3,5593,0,0,JR,13,532,56,1,0,76,13
R3,5594,0,0,JR,12,653,76,5,0,76,14
R3,5601,0,0,JR,16,530,60,0,60,76,21
R3,5969,0,0,JR,5,510,56,1,0,76,389
R3,5970,0,0,JR,16,552,60,0,0,76,390
R3,5971,1,0,JR,1,501,65,0,75,76,391
R5,3043,0,0,JR,15,420,60,0,0,77,428
R5,3049,0,0,JR,15,610,60,15,0,77,434
R5,3053,1,0,JR,15,420,60,0,0,77,438
R5,3399,0,0,JR,15,420,55,0,80,77,42
R5,3401,0,0,JR,15,610,70,8,100,77,44
R5,3407,0,0,JR,15,415,53,0,0,77,50
R5,3770,0,0,JR,14,413,60,0,0,77,413
R5,3772,0,0,JR,14,617,74,8,80,77,415
R5,3774,0,0,JR,14,403,61,6,100,77,417
R5,4498,1,0,JR,11,512,73,3,100,77,346
R5,4500,1,0,JR,16,621,75,7,90,77,348
R5,4505,1,0,JR,4,475,60,0,0,77,353
R5,4869,0,0,JR,4,555,72,1,100,77,33
R5,4870,0,0,JR,11,515,69,1.5,69,77,34
R5,4871,0,0,JR,6,449,67,3,90,77,35
R5,5227,0,0,JR,10,553,51,5,100,77,391
R5,5229,1,0,JR,11,530,58,3,77,77,393
R5,5237,1,0,JR,16,519,60,8,0,77,401
R5,5593,0,0,JR,13,541,58,1,0,77,13
R5,5601,0,0,JR,16,541,60,0,60,77,21
R5,5969,0,0,JR,5,523,57,1,0,77,389
R5,5970,1,0,JR,16,565,60,0,0,77,390
R5,5971,1,0,JR,1,513,65,0,75,77,391
R6,3043,0,0,JR,15,430,60,0,0,78,428
R6,3049,1,0,JR,15,600,60,15,0,78,434
R6,3053,1,0,JR,15,430,60,0,0,78,438
R6,3399,0,0,JR,15,430,55,0,80,78,73
R6,3401,0,0,JR,15,600,70,6,100,78,75
R6,3407,0,0,JR,15,425,53,0,0,78,81
R6,3770,1,0,JR,14,424,60,0,0,78,444
R6,3772,0,0,JR,14,605,73,6,75,78,446
R6,3774,1,0,JR,14,413,62,6,100,78,448
R6,4498,0,0,JR,11,522,73,4,100,78,346
R6,4500,0,0,JR,16,632,75,7,100,78,348
R6,4505,0,0,JR,4,465,59,0,0,78,353
R6,4869,0,0,JR,4,563,72,1,100,78,33
R6,4870,0,0,JR,11,525,69,2.5,69,78,34
R6,4871,0,0,JR,6,439,67,5,100,78,35
R6,5227,0,0,JR,10,564,51,5,100,78,391
R6,5229,0,0,JR,11,557,58,10,77,78,393
R6,5237,1,0,JR,16,531,60,8,0,78,401
R6,5593,0,0,JR,13,555,60,1,0,78,13
R6,5594,0,0,JR,12,500,62,2,0,78,14
R6,5601,0,0,JR,16,567,60,0,80,78,21
R6,5969,0,0,JR,5,532,57,1,0,78,389
R6,5970,1,0,JR,16,576,60,0,0,78,390
R6,5971,0,0,JR,1,524,65,5,60,78,391
R8,3043,0,0,JR,15,450,60,0,0,79,398
R8,3049,0,0,JR,15,580,60,15,0,79,404
R8,3053,0,0,JR,15,450,60,0,0,79,408
R8,3399,0,0,JR,15,450,55,0,80,79,40
R8,3401,0,0,JR,15,580,70,4,100,79,42
R8,3407,0,0,JR,15,445,53,0,0,79,48
R8,3770,1,0,JR,14,450,61,0,0,79,411
R8,3772,0,0,JR,14,579,71,6,50,79,413
R8,3774,0,0,JR,14,437,62,6,100,79,415
R8,4498,1,0,JR,11,538,74,1,100,79,346
R8,4500,1,0,JR,16,642,75,7,90,79,348
R8,4505,1,0,JR,4,450,58,0,10,79,353
R8,4869,0,0,JR,4,574,73,3,100,79,33
R8,4870,0,0,JR,11,543,69,7.5,69,79,34
R8,4871,0,0,JR,6,428,67,3,100,79,35
R8,5227,1,0,JR,10,580,51,5,100,79,391
R8,5229,0,0,JR,11,545,58,8,77,79,393
R8,5237,1,0,JR,16,543,60,8,0,79,401
R8,5593,0,0,JR,13,570,60,2,0,79,13
R8,5594,0,0,JR,12,512,60,0,0,79,14
R8,5601,0,0,JR,16,554,60,0,50,79,21
R8,5969,0,0,JR,5,546,57,1,2,79,389
R8,5970,1,0,JR,16,591,60,0,5,79,390
R8,5971,0,0,JR,1,534,65,5,60,79,391
