2015 1,2015 2,2015 3
5/5/2015,5/6/2015,5/7/2015
5/5/2015,5/6/2015,5/7/2015
5/5/2015,5/6/2015,5/7/2015
5/6/2015,5/6/2015,5/7/2015
5/6/2015,5/6/2015,5/7/2015
5/5/2015,5/6/2015,5/7/2015
5/5/2015,5/6/2015,5/7/2015
5/5/2015,5/6/2015,5/7/2015
5/5/2015,5/6/2015,5/7/2015
5/5/2015,5/8/2015,
5/5/2015,5/8/2015,
5/5/2015,5/8/2015,
5/5/2015,5/8/2015,
5/5/2015,5/8/2015,
5/5/2015,5/8/2015,
5/5/2015,5/8/2015,
5/5/2015,5/8/2015,
5/5/2015,5/8/2015,
5/5/2015,5/8/2015,
5/5/2015,5/8/2015,
5/5/2015,5/8/2015,
5/5/2015,5/8/2015,
5/5/2015,5/8/2015,
5/5/2015,5/8/2015,
5/5/2015,5/8/2015,
5/5/2015,5/6/2015,5/8/2015
5/5/2015,5/6/2015,5/8/2015
5/5/2015,5/7/2015,
5/6/2015,5/7/2015,
5/6/2015,5/7/2015,
5/6/2015,5/7/2015,5/7/2015
5/6/2015,5/7/2015,
5/6/2015,5/7/2015,
5/6/2015,5/7/2015,5/7/2015
5/6/2015,5/7/2015,5/7/2015
5/6/2015,5/7/2015,5/7/2015
5/6/2015,5/7/2015,
5/6/2015,5/7/2015,
5/6/2015,5/7/2015,5/7/2015
5/6/2015,5/7/2015,
5/5/2015,5/8/2015,
5/5/2015,5/8/2015,
5/5/2015,5/8/2015,
5/6/2015,5/7/2015,
5/6/2015,5/7/2015,
5/6/2015,5/7/2015,
5/6/2015,5/7/2015,
5/6/2015,5/7/2015,
5/6/2015,5/7/2015,
5/6/2015,5/7/2015,
5/5/2015,5/8/2015,
5/5/2015,5/8/2015,
5/5/2015,5/8/2015,
5/5/2015,5/8/2015,
5/5/2015,5/8/2015,
5/5/2015,5/8/2015,
5/5/2015,5/8/2015,
5/5/2015,5/8/2015,
5/5/2015,5/8/2015,
5/5/2015,5/8/2015,
5/5/2015,5/8/2015,
5/5/2015,5/8/2015,
5/5/2015,5/8/2015,
5/5/2015,5/8/2015,
5/5/2015,5/8/2015,
5/5/2015,5/8/2015,
5/5/2015,5/8/2015,
5/5/2015,5/6/2015,5/7/2015
5/5/2015,5/6/2015,5/7/2015
5/5/2015,5/6/2015,5/7/2015
5/5/2015,5/6/2015,5/7/2015
5/5/2015,5/6/2015,5/7/2015
5/5/2015,5/6/2015,5/7/2015
5/5/2015,5/6/2015,5/7/2015
5/5/2015,5/6/2015,5/7/2015
5/5/2015,5/6/2015,5/7/2015
5/5/2015,5/6/2015,5/7/2015
5/5/2015,5/6/2015,5/7/2015
