Name Year Run,TotalBACS
A1 2006 1,0
A1 2006 2,0
A1 2006 3,0
A1 2006 4,0
A1 2006 5,0
A10 2006 1,0
A10 2006 2,0
A10 2006 3,0
A10 2006 4,0
A10 2006 5,0
A11 2006 1,0
A11 2006 2,0
A11 2006 3,0
A11 2006 4,0
A11 2006 5,0
A14 2006 1,0
A14 2006 2,0
A14 2006 3,0
A14 2006 4,0
A14 2006 5,0
A15 2006 1,0
A15 2006 2,0
A15 2006 3,1
A15 2006 4,1
A15 2006 5,1
A16 2006 1,0
A16 2006 2,1
A16 2006 3,0
A16 2006 4,0
A16 2006 5,0
A18 2006 1,0
A18 2006 2,0
A18 2006 3,0
A18 2006 4,0
A18 2006 5,0
A20 2006 1,1
A20 2006 2,0
A20 2006 3,0
A20 2006 4,0
A20 2006 5,0
A21 2006 1,0
A21 2006 2,0
A21 2006 3,1
A21 2006 4,0
A21 2006 5,1
A22 2006 1,0
A22 2006 2,0
A22 2006 3,0
A22 2006 4,0
A22 2006 5,0
A23 2006 1,0
A23 2006 2,0
A23 2006 3,0
A23 2006 4,0
A23 2006 5,0
A27 2006 1,1
A27 2006 2,0
A27 2006 3,0
A27 2006 4,0
A27 2006 5,0
A28 2006 1,0
A4 2006 1,0
A4 2006 2,0
A4 2006 3,1
A4 2006 4,0
A4 2006 5,0
A5 2006 1,0
A5 2006 2,0
A5 2006 3,1
A5 2006 4,1
A5 2006 5,1
A8 2006 1,0
A8 2006 2,1
A8 2006 3,1
A8 2006 4,0
A8 2006 5,0
B1 2006 1,0
B1 2006 2,0
B1 2006 3,0
B1 2006 4,0
B1 2006 5,0
B11 2006 1,2
B11 2006 2,1
B11 2006 3,0
B11 2006 4,1
B11 2006 5,0
B15 2006 1,1
B15 2006 2,0
B15 2006 3,0
B15 2006 4,0
B15 2006 5,1
B17 2006 1,0
B17 2006 2,1
B17 2006 3,1
B17 2006 4,1
B17 2006 5,0
B19 2006 1,0
B19 2006 2,0
B19 2006 3,1
B19 2006 4,0
B19 2006 5,0
B2 2006 1,0
B2 2006 2,0
B2 2006 3,1
B2 2006 4,0
B2 2006 5,0
B21 2006 1,0
B21 2006 2,0
B21 2006 3,1
B21 2006 4,1
B21 2006 5,0
B22 2006 1,0
B22 2006 2,0
B22 2006 3,0
B22 2006 4,0
B22 2006 5,0
B23 2006 1,1
B23 2006 2,0
B23 2006 3,0
B23 2006 4,0
B23 2006 5,0
B26 2006 1,1
B26 2006 2,1
B26 2006 3,0
B26 2006 4,0
B26 2006 5,0
B3 2006 1,0
B3 2006 2,0
B3 2006 3,0
B3 2006 4,0
B3 2006 5,0
B4 2006 1,0
B4 2006 2,0
B4 2006 3,0
B4 2006 4,0
B4 2006 5,0
B5 2006 1,0
B5 2006 2,0
B5 2006 3,0
B5 2006 4,0
B5 2006 5,0
B6 2006 1,0
B6 2006 2,0
B6 2006 3,0
B6 2006 4,0
B6 2006 5,0
B7 2006 1,0
B7 2006 2,0
B7 2006 3,0
B7 2006 4,0
B7 2006 5,0
B8 2006 1,0
B8 2006 2,0
B8 2006 3,0
B8 2006 4,0
B8 2006 5,0
B9 2006 1,0
B9 2006 2,0
B9 2006 3,0
B9 2006 4,0
B9 2006 5,0
C1 2006 1,0
C1 2006 2,0
C1 2006 3,0
C1 2006 4,0
C1 2006 5,0
C11 2006 1,0
C11 2006 2,0
C11 2006 3,0
C11 2006 4,0
C11 2006 5,0
C12 2006 1,0
C12 2006 2,1
C12 2006 3,0
C12 2006 4,0
C12 2006 5,0
C16 2006 1,0
C16 2006 2,0
C16 2006 3,0
C16 2006 4,0
C16 2006 5,0
C18 2006 1,0
C18 2006 2,0
C18 2006 3,0
C18 2006 4,0
C18 2006 5,0
C19 2006 1,1
C19 2006 2,0
C19 2006 3,0
C19 2006 4,1
C19 2006 5,0
C22 2006 1,0
C22 2006 2,0
C22 2006 3,0
C22 2006 4,1
C22 2006 5,0
C24 2006 1,0
C24 2006 2,0
C24 2006 3,0
C24 2006 4,0
C24 2006 5,1
C25 2006 1,0
C25 2006 2,0
C25 2006 3,0
C25 2006 4,0
C25 2006 5,1
C27 2006 1,0
C27 2006 2,0
C27 2006 3,0
C27 2006 4,0
C27 2006 5,0
C28 2006 1,1
C28 2006 2,1
C28 2006 3,0
C28 2006 4,0
C28 2006 5,0
C3 2006 1,0
C3 2006 2,1
C3 2006 3,0
C3 2006 4,0
C3 2006 5,0
C5 2006 1,1
C5 2006 2,0
C5 2006 3,0
C5 2006 4,0
C5 2006 5,0
C6 2006 1,0
C6 2006 2,0
C6 2006 3,0
C6 2006 4,0
C6 2006 5,0
C9 2006 1,0
C9 2006 2,0
C9 2006 3,0
C9 2006 4,1
C9 2006 5,0
D11 2006 1,0
D11 2006 2,0
D11 2006 3,0
D11 2006 4,1
D11 2006 5,1
D13 2006 1,0
D13 2006 2,0
D13 2006 3,0
D13 2006 4,0
D13 2006 5,0
D14 2006 1,1
D14 2006 2,0
D14 2006 3,0
D14 2006 4,0
D14 2006 5,0
D16 2006 1,0
D16 2006 2,0
D16 2006 3,0
D16 2006 4,0
D16 2006 5,0
D17 2006 1,1
D17 2006 2,1
D17 2006 3,0
D17 2006 4,0
D17 2006 5,1
D18 2006 1,0
D18 2006 2,0
D18 2006 3,0
D18 2006 4,0
D18 2006 5,0
D2 2006 1,3
D2 2006 2,2
D2 2006 3,2
D2 2006 4,2
D2 2006 5,2
D20 2006 1,0
D20 2006 2,2
D20 2006 3,2
D20 2006 4,0
D20 2006 5,0
D23 2006 1,0
D23 2006 2,0
D23 2006 3,0
D23 2006 4,0
D23 2006 5,0
D25 2006 1,0
D25 2006 2,0
D25 2006 3,0
D25 2006 4,0
D25 2006 5,0
D27 2006 1,0
D27 2006 2,0
D27 2006 3,0
D27 2006 4,0
D27 2006 5,0
D29 2006 1,0
D29 2006 2,0
D29 2006 3,0
D29 2006 4,1
D29 2006 5,0
D5 2006 1,1
D5 2006 2,1
D5 2006 3,0
D5 2006 4,0
D5 2006 5,2
D7 2006 1,0
D7 2006 2,1
D7 2006 3,1
D7 2006 4,0
D7 2006 5,0
D9 2006 1,0
D9 2006 2,0
D9 2006 3,0
D9 2006 4,0
D9 2006 5,0
E12 2006 1,0
E12 2006 2,0
E12 2006 3,0
E12 2006 4,0
E12 2006 5,0
E13 2006 1,0
E13 2006 2,0
E13 2006 3,0
E13 2006 4,0
E13 2006 5,0
E16 2006 1,0
E16 2006 2,0
E16 2006 3,0
E16 2006 4,0
E16 2006 5,0
E17 2006 1,0
E17 2006 2,0
E17 2006 3,0
E17 2006 4,0
E17 2006 5,0
E19 2006 1,0
E19 2006 2,0
E19 2006 3,0
E19 2006 4,0
E19 2006 5,0
E2 2006 1,0
E2 2006 2,0
E2 2006 3,0
E2 2006 4,0
E2 2006 5,0
E22 2006 1,0
E22 2006 2,0
E22 2006 3,0
E22 2006 4,0
E22 2006 5,0
E23 2006 1,0
E23 2006 2,0
E23 2006 3,0
E23 2006 4,0
E23 2006 5,0
E25 2006 1,0
E25 2006 2,0
E25 2006 3,0
E25 2006 4,0
E25 2006 5,0
E26 2006 1,0
E26 2006 2,0
E26 2006 3,0
E26 2006 4,0
E26 2006 5,0
E4 2006 1,2
E4 2006 2,1
E4 2006 3,1
E4 2006 4,1
E4 2006 5,1
E5 2006 1,2
E5 2006 2,1
E5 2006 3,0
E5 2006 4,1
E5 2006 5,0
E6 2006 1,0
E6 2006 2,0
E6 2006 3,0
E6 2006 4,0
E6 2006 5,0
E7 2006 1,1
E7 2006 2,1
E7 2006 3,0
E7 2006 4,0
E7 2006 5,0
F10 2006 1,0
F10 2006 2,0
F10 2006 3,0
F10 2006 4,0
F10 2006 5,0
F11 2006 1,1
F11 2006 2,0
F11 2006 3,0
F11 2006 4,0
F11 2006 5,0
F12 2006 1,0
F12 2006 2,0
F12 2006 3,0
F12 2006 4,1
F12 2006 5,0
F14 2006 1,0
F14 2006 2,0
F14 2006 3,0
F14 2006 4,0
F14 2006 5,0
F15 2006 1,1
F15 2006 2,1
F15 2006 3,1
F15 2006 4,1
F15 2006 5,0
F17 2006 1,0
F17 2006 2,0
F17 2006 3,0
F17 2006 4,0
F17 2006 5,0
F19 2006 1,0
F19 2006 2,1
F19 2006 3,1
F19 2006 4,1
F19 2006 5,0
F23 2006 1,0
F23 2006 2,0
F23 2006 3,0
F23 2006 4,1
F23 2006 5,0
F25 2006 1,0
F25 2006 2,0
F25 2006 3,0
F25 2006 4,0
F25 2006 5,0
F26 2006 1,0
F26 2006 2,0
F26 2006 3,0
F26 2006 4,0
F26 2006 5,0
F27 2006 1,0
F27 2006 2,0
F27 2006 3,0
F27 2006 4,0
F27 2006 5,0
F29 2006 1,0
F29 2006 2,0
F29 2006 3,0
F29 2006 4,1
F29 2006 5,0
F3 2006 1,1
F3 2006 2,0
F3 2006 3,0
F3 2006 4,0
F3 2006 5,1
F30 2006 1,0
F30 2006 2,0
F30 2006 3,0
F30 2006 4,0
F30 2006 5,0
F4 2006 1,1
F4 2006 2,0
F4 2006 3,0
F4 2006 4,2
F4 2006 5,0
F5 2006 1,1
F5 2006 2,0
F5 2006 3,0
F5 2006 4,0
F5 2006 5,0
F6 2006 1,1
F6 2006 2,0
F6 2006 3,1
F6 2006 4,1
F6 2006 5,0
F7 2006 1,1
F7 2006 2,0
F7 2006 3,0
F7 2006 4,0
F7 2006 5,0
F8 2006 1,1
F8 2006 2,0
F8 2006 3,1
F8 2006 4,1
F8 2006 5,0
F9 2006 1,1
F9 2006 2,0
F9 2006 3,1
F9 2006 4,1
F9 2006 5,0
G12 2006 1,2
G12 2006 2,0
G12 2006 3,0
G12 2006 4,0
G12 2006 5,0
G14 2006 1,1
G14 2006 2,1
G14 2006 3,1
G14 2006 4,2
G14 2006 5,0
G15 2006 1,0
G15 2006 2,0
G15 2006 3,0
G15 2006 4,0
G15 2006 5,0
G18 2006 1,0
G18 2006 2,0
G18 2006 3,0
G18 2006 4,0
G18 2006 5,0
G2 2006 1,0
G2 2006 2,0
G2 2006 3,0
G2 2006 4,0
G2 2006 5,0
G20 2006 1,0
G20 2006 2,0
G20 2006 3,0
G20 2006 4,0
G20 2006 5,0
G21 2006 1,0
G21 2006 2,0
G21 2006 3,0
G21 2006 4,0
G21 2006 5,0
G23 2006 1,2
G23 2006 2,0
G23 2006 3,0
G23 2006 4,0
G23 2006 5,0
G26 2006 1,0
G26 2006 2,0
G26 2006 3,0
G26 2006 4,0
G26 2006 5,0
G27 2006 1,0
G27 2006 2,0
G27 2006 3,0
G27 2006 4,0
G27 2006 5,0
G28 2006 1,0
G28 2006 2,0
G28 2006 3,0
G28 2006 4,0
G28 2006 5,0
G3 2006 1,0
G3 2006 2,0
G3 2006 3,0
G3 2006 4,0
G3 2006 5,1
G4 2006 1,0
G4 2006 2,2
G4 2006 3,1
G4 2006 4,0
G4 2006 5,0
G6 2006 1,0
G6 2006 2,0
G6 2006 3,0
G6 2006 4,0
G6 2006 5,0
G9 2006 1,0
G9 2006 2,0
G9 2006 3,0
G9 2006 4,0
G9 2006 5,0
H1 2006 1,0
H1 2006 2,0
H1 2006 3,0
H1 2006 4,0
H1 2006 5,0
H10 2006 1,0
H10 2006 2,0
H10 2006 3,0
H10 2006 4,0
H10 2006 5,0
H13 2006 1,0
H13 2006 2,0
H13 2006 3,0
H13 2006 4,0
H13 2006 5,1
H15 2006 1,0
H15 2006 2,0
H15 2006 3,0
H15 2006 4,0
H15 2006 5,0
H16 2006 1,0
H16 2006 2,0
H16 2006 3,0
H16 2006 4,0
H16 2006 5,0
H17 2006 1,0
H17 2006 2,0
H17 2006 3,0
H17 2006 4,0
H17 2006 5,0
H22 2006 1,0
H22 2006 2,0
H22 2006 3,0
H22 2006 4,0
H22 2006 5,0
H23 2006 1,0
H23 2006 2,0
H23 2006 3,0
H23 2006 4,0
H23 2006 5,0
H3 2006 1,0
H3 2006 2,0
H3 2006 3,0
H3 2006 4,0
H3 2006 5,0
H6 2006 1,1
H6 2006 2,1
H6 2006 3,0
H6 2006 4,1
H6 2006 5,0
H8 2006 1,0
H8 2006 2,0
H8 2006 3,0
H8 2006 4,0
H8 2006 5,0
J1 2006 1,0
J1 2006 2,0
J1 2006 3,0
J1 2006 4,0
J1 2006 5,0
J1 2007 1,0
J1 2007 2,0
J1 2007 3,0
J1 2008 1,0
J1 2008 2,0
J1 2008 3,0
J1 2009 1,0
J1 2009 2,0
J1 2009 3,0
J1 2011 1,0
J1 2011 2,0
J1 2011 3,0
J1 2012 1,0
J1 2012 2,0
J1 2012 3,0
J1 2013 1,0
J1 2013 2,0
J1 2013 3,0
J1 2014 1,0
J1 2014 2,0
J1 2014 3,0
J1 2014 4,0
J1 2015 1,1
J1 2015 2,0
J1 2015 3,0
J10 2006 1,0
J10 2006 2,0
J10 2006 3,0
J10 2006 4,0
J10 2006 5,0
J10 2007 1,0
J10 2007 2,0
J10 2007 3,0
J10 2008 1,0
J10 2008 2,0
J10 2008 3,0
J10 2009 1,0
J10 2009 2,0
J10 2009 3,0
J11 2006 1,1
J11 2006 2,1
J11 2006 3,0
J11 2006 4,0
J11 2006 5,0
J11 2007 1,0
J11 2007 2,0
J11 2007 3,0
J11 2008 1,1
J11 2008 2,0
J11 2008 3,0
J11 2009 1,0
J11 2009 2,0
J11 2009 3,0
J12 2006 1,1
J12 2006 2,1
J12 2006 3,1
J12 2006 4,1
J12 2006 5,1
J12 2007 1,2
J12 2007 2,0
J12 2007 3,0
J12 2008 1,1
J12 2008 2,0
J12 2008 3,0
J12 2009 1,0
J12 2009 2,0
J12 2009 3,0
J12 2011 1,0
J12 2011 2,0
J12 2011 3,0
J12 2012 1,1
J12 2012 2,2
J12 2012 3,0
J12 2013 1,0
J12 2013 2,0
J12 2013 3,0
J12 2014 1,0
J12 2014 2,0
J12 2014 3,0
J12 2015 1,0
J12 2015 2,0
J12 2015 3,0
J13 2006 1,0
J13 2006 2,0
J13 2006 3,0
J13 2006 4,0
J13 2006 5,0
J13 2007 1,1
J13 2007 2,0
J13 2007 3,0
J13 2008 1,0
J13 2008 2,0
J13 2008 3,0
J13 2009 1,1
J13 2009 2,1
J13 2009 3,0
J14 2006 1,0
J14 2006 2,0
J14 2006 3,1
J14 2006 4,0
J14 2006 5,0
J14 2007 1,2
J14 2007 2,1
J14 2007 3,1
J14 2008 1,0
J14 2008 2,1
J14 2008 3,0
J14 2009 1,0
J14 2009 2,0
J14 2009 3,0
J15 2006 1,0
J15 2006 2,0
J15 2006 3,1
J15 2006 4,0
J15 2006 5,0
J15 2007 1,1
J15 2007 2,0
J15 2007 3,0
J15 2008 1,0
J15 2008 2,0
J15 2008 3,0
J15 2009 1,0
J15 2009 2,0
J15 2009 3,0
J16 2006 1,0
J16 2006 2,0
J16 2006 3,0
J16 2006 4,0
J16 2006 5,1
J16 2007 1,0
J16 2007 2,0
J16 2007 3,0
J16 2008 1,0
J16 2008 2,1
J16 2008 3,0
J16 2009 1,0
J16 2009 2,0
J16 2009 3,0
J16 2011 1,0
J16 2011 2,0
J16 2011 3,0
J16 2012 1,1
J16 2012 2,0
J16 2012 3,1
J16 2013 1,0
J16 2013 2,0
J16 2013 3,0
J16 2014 1,1
J16 2014 2,0
J16 2014 3,0
J16 2015 1,0
J16 2015 2,1
J16 2015 3,1
J17 2006 1,2
J17 2006 2,0
J17 2006 3,1
J17 2006 4,1
J17 2006 5,0
J17 2007 1,0
J17 2007 2,0
J17 2007 3,3
J17 2008 1,1
J17 2008 2,0
J17 2008 3,0
J17 2009 1,0
J17 2009 2,0
J17 2009 3,0
J18 2006 1,1
J18 2006 2,0
J18 2006 3,0
J18 2006 4,0
J18 2006 5,0
J18 2007 1,1
J18 2007 2,3
J18 2007 3,3
J18 2008 1,0
J18 2008 2,0
J18 2008 3,0
J18 2009 1,0
J18 2009 2,0
J18 2009 3,0
J18 2011 1,0
J18 2011 2,1
J18 2011 3,0
J18 2012 1,0
J18 2012 2,0
J18 2012 3,0
J18 2013 1,0
J18 2013 2,0
J18 2013 3,1
J18 2014 1,0
J18 2014 2,0
J18 2015 1,0
J18 2015 2,0
J18 2015 3,1
J19 2006 1,1
J19 2006 2,2
J19 2006 3,2
J19 2006 4,1
J19 2006 5,1
J19 2007 1,0
J19 2007 2,0
J19 2007 3,1
J19 2008 1,1
J19 2008 2,2
J19 2008 3,0
J19 2009 1,0
J19 2009 2,0
J19 2009 3,0
J2 2006 1,1
J2 2006 2,1
J2 2006 3,1
J2 2006 4,1
J2 2006 5,1
J2 2007 1,1
J2 2007 2,1
J2 2007 3,1
J2 2008 1,0
J2 2008 2,0
J2 2008 3,0
J2 2009 1,1
J2 2009 2,1
J2 2009 3,2
J20 2006 1,0
J20 2006 2,0
J20 2006 3,0
J20 2006 4,0
J20 2006 5,1
J20 2007 1,0
J20 2007 2,0
J20 2007 3,0
J20 2008 1,1
J20 2008 2,1
J20 2008 3,0
J20 2009 1,0
J20 2009 2,0
J20 2009 3,0
J21 2006 1,0
J21 2006 2,0
J21 2006 3,0
J21 2006 4,0
J21 2006 5,0
J21 2007 1,0
J21 2007 2,0
J21 2007 3,0
J21 2008 1,0
J21 2008 2,0
J21 2008 3,0
J21 2009 1,0
J21 2009 2,0
J21 2009 3,0
J21 2011 1,0
J21 2011 2,0
J21 2011 3,0
J21 2012 1,0
J21 2012 2,0
J21 2012 3,0
J21 2013 1,0
J21 2013 2,0
J21 2013 3,0
J21 2014 1,0
J21 2014 2,0
J21 2014 3,1
J21 2015 1,0
J21 2015 2,0
J21 2015 3,0
J22 2006 1,0
J22 2006 2,0
J22 2006 3,0
J22 2006 4,0
J22 2006 5,0
J22 2007 1,0
J22 2007 2,1
J22 2007 3,0
J22 2008 1,0
J22 2008 2,0
J22 2008 3,0
J22 2009 1,0
J22 2009 2,0
J22 2009 3,0
J23 2006 1,0
J23 2006 2,0
J23 2006 3,0
J23 2006 4,0
J23 2006 5,0
J23 2007 1,0
J23 2007 2,1
J23 2007 3,3
J23 2008 1,1
J23 2008 2,1
J23 2008 3,0
J23 2009 1,0
J23 2009 2,0
J23 2009 3,0
J23 2011 1,0
J23 2011 2,0
J23 2011 3,0
J23 2012 1,3
J23 2012 2,2
J23 2012 3,1
J23 2013 1,0
J23 2013 2,0
J23 2013 3,1
J23 2014 1,0
J23 2014 2,0
J23 2014 3,1
J23 2015 1,0
J23 2015 2,0
J23 2015 3,0
J24 2006 1,2
J24 2006 2,2
J24 2006 3,1
J24 2006 4,1
J24 2006 5,1
J24 2007 1,3
J24 2007 2,2
J24 2007 3,2
J24 2008 1,2
J24 2008 2,2
J24 2008 3,0
J24 2009 1,0
J24 2009 2,0
J24 2009 3,0
J25 2006 1,0
J25 2006 2,0
J25 2006 3,0
J25 2006 4,0
J25 2006 5,0
J25 2007 1,2
J25 2007 2,1
J25 2007 3,3
J25 2008 1,0
J25 2008 2,2
J25 2008 3,0
J25 2009 1,1
J25 2009 2,0
J25 2009 3,0
J25 2012 1,1
J25 2014 1,0
J3 2006 1,0
J3 2006 2,0
J3 2006 3,0
J3 2006 4,0
J3 2006 5,0
J3 2007 1,0
J3 2007 2,0
J3 2007 3,0
J3 2008 1,1
J3 2008 2,0
J3 2008 3,0
J3 2009 1,0
J3 2009 2,0
J3 2009 3,0
J3 2011 1,0
J3 2011 2,0
J3 2011 3,0
J3 2012 1,1
J3 2012 2,0
J3 2012 3,0
J3 2013 1,0
J3 2013 2,0
J3 2013 3,0
J3 2014 1,0
J3 2014 2,0
J3 2014 3,0
J3 2015 1,1
J3 2015 2,0
J3 2015 3,0
J4 2006 1,0
J4 2006 2,0
J4 2006 3,0
J4 2006 4,0
J4 2006 5,0
J4 2007 1,0
J4 2007 2,0
J4 2007 3,0
J4 2008 1,1
J4 2008 2,0
J4 2008 3,0
J4 2009 1,0
J4 2009 2,0
J4 2009 3,0
J5 2006 1,0
J5 2006 2,0
J5 2006 3,0
J5 2006 4,0
J5 2006 5,0
J5 2007 1,1
J5 2007 2,1
J5 2007 3,0
J5 2008 1,1
J5 2008 2,1
J5 2008 3,1
J5 2009 1,1
J5 2009 2,2
J5 2009 3,1
J6 2006 1,0
J6 2006 2,0
J6 2006 3,0
J6 2006 4,0
J6 2006 5,0
J6 2008 1,0
J6 2008 2,0
J6 2008 3,1
J6 2009 1,0
J6 2009 2,0
J6 2009 3,1
J7 2006 1,2
J7 2006 2,0
J7 2006 3,0
J7 2006 4,0
J7 2006 5,0
J7 2007 1,0
J7 2007 2,0
J7 2007 3,0
J7 2008 1,0
J7 2008 2,0
J7 2008 3,1
J7 2009 1,2
J7 2009 2,0
J7 2009 3,2
J7 2011 1,1
J7 2011 2,1
J7 2011 3,1
J7 2012 1,0
J7 2012 2,0
J7 2012 3,1
J7 2013 1,1
J7 2013 2,0
J7 2013 3,0
J7 2014 1,0
J7 2014 2,0
J7 2014 3,0
J7 2015 1,0
J7 2015 2,0
J7 2015 3,0
J8 2006 1,0
J8 2006 2,1
J8 2006 3,0
J8 2006 4,0
J8 2006 5,0
J8 2007 1,0
J8 2007 2,0
J8 2007 3,0
J8 2008 1,1
J8 2008 2,0
J8 2008 3,0
J8 2009 1,1
J8 2009 2,0
J8 2009 3,1
J9 2006 1,0
J9 2006 2,0
J9 2006 3,0
J9 2006 4,0
J9 2006 5,1
J9 2007 1,2
J9 2007 2,0
J9 2007 3,0
J9 2008 1,0
J9 2008 2,0
J9 2008 3,0
J9 2009 1,1
J9 2009 2,0
J9 2009 3,0
J9 2011 1,0
J9 2011 2,1
J9 2011 3,1
J9 2012 1,0
J9 2012 2,0
J9 2012 3,0
J9 2013 1,0
J9 2013 2,0
J9 2013 3,1
J9 2014 1,1
J9 2014 2,4
J9 2014 3,0
J9 2015 1,0
J9 2015 2,0
J9 2015 3,0
K1 2006 1,0
K1 2006 2,0
K1 2006 3,0
K1 2006 4,0
K1 2006 5,0
K1 2007 1,0
K1 2007 2,0
K1 2007 3,0
K1 2008 1,0
K1 2008 2,0
K1 2008 3,0
K1 2009 1,1
K1 2009 2,0
K1 2009 3,1
K1 2010 1,0
K1 2010 2,1
K1 2010 3,0
K10 2006 1,0
K10 2006 2,1
K10 2006 3,0
K10 2006 4,1
K10 2007 1,0
K10 2007 2,0
K10 2007 3,0
K10 2008 1,0
K10 2008 2,0
K10 2008 3,1
K10 2009 1,0
K10 2009 2,0
K10 2009 3,0
K10 2010 1,1
K10 2010 2,2
K10 2010 3,2
K10 2011 1,0
K10 2011 2,0
K10 2011 3,0
K10 2012 1,2
K10 2012 2,1
K10 2012 3,1
K10 2013 1,0
K10 2013 2,0
K10 2013 3,0
K10 2014 1,0
K10 2014 2,1
K10 2014 3,2
K10 2015 1,0
K10 2015 2,0
K11 2006 1,1
K11 2006 2,0
K11 2006 3,1
K11 2006 4,1
K11 2007 1,0
K11 2007 2,0
K11 2007 3,0
K11 2008 1,1
K11 2008 2,1
K11 2008 3,0
K11 2009 1,0
K11 2009 2,0
K11 2009 3,0
K12 2006 1,1
K12 2006 2,1
K12 2006 3,0
K12 2006 4,1
K12 2006 5,0
K12 2007 1,0
K12 2007 2,0
K12 2007 3,0
K12 2008 1,0
K12 2008 2,0
K12 2008 3,1
K12 2009 1,0
K12 2009 2,0
K12 2009 3,0
K12 2010 1,0
K12 2010 2,0
K12 2010 3,0
K12 2011 1,0
K12 2011 2,0
K12 2011 3,0
K12 2012 1,1
K12 2012 2,2
K12 2012 3,2
K12 2013 1,0
K12 2013 2,0
K12 2013 3,0
K12 2014 1,0
K12 2014 2,0
K12 2014 3,0
K12 2015 1,0
K12 2015 2,0
K13 2006 1,1
K13 2006 2,1
K13 2006 3,1
K13 2006 4,0
K13 2006 5,1
K13 2007 1,0
K13 2007 2,0
K13 2007 3,0
K13 2008 1,0
K13 2008 2,0
K13 2008 3,0
K13 2009 1,1
K13 2009 2,0
K13 2009 3,0
K13 2010 1,0
K13 2010 2,0
K13 2010 3,0
K14 2006 1,0
K14 2006 2,0
K14 2006 3,0
K14 2006 4,0
K14 2006 5,0
K14 2007 1,1
K14 2007 2,1
K14 2007 3,0
K14 2008 1,1
K14 2008 2,2
K14 2008 3,0
K14 2009 1,0
K14 2009 2,0
K14 2009 3,0
K14 2010 1,0
K14 2010 2,0
K14 2010 3,0
K15 2006 1,0
K15 2006 2,0
K15 2006 3,0
K15 2006 4,0
K15 2006 5,0
K15 2007 1,0
K15 2007 2,0
K15 2007 3,0
K15 2008 1,1
K15 2008 2,1
K15 2008 3,0
K15 2009 1,0
K15 2009 2,0
K15 2009 3,0
K15 2010 1,0
K15 2010 2,0
K15 2010 3,0
K15 2011 1,1
K15 2011 2,1
K15 2011 3,0
K15 2012 1,0
K15 2012 2,0
K15 2012 3,0
K15 2013 1,1
K15 2013 2,1
K15 2013 3,0
K15 2014 1,0
K15 2014 2,1
K15 2014 3,0
K15 2015 1,1
K15 2015 2,0
K16 2006 1,0
K16 2006 2,0
K16 2006 3,0
K16 2006 4,0
K16 2006 5,0
K16 2007 1,3
K16 2007 2,0
K16 2007 3,0
K16 2008 1,2
K16 2008 2,0
K16 2008 3,0
K16 2009 1,1
K16 2009 2,1
K16 2009 3,1
K16 2010 1,1
K16 2010 2,0
K16 2010 3,1
K17 2006 1,4
K17 2006 2,1
K17 2006 3,2
K17 2006 4,1
K17 2006 5,0
K17 2007 1,0
K17 2007 2,0
K17 2007 3,0
K17 2008 1,0
K17 2008 2,0
K17 2008 3,0
K17 2009 1,1
K17 2009 2,1
K17 2009 3,0
K17 2010 1,0
K17 2010 2,0
K17 2010 3,0
K17 2011 1,2
K17 2011 2,1
K17 2011 3,0
K17 2012 1,0
K17 2012 2,0
K17 2012 3,0
K17 2013 1,0
K17 2013 2,1
K17 2013 3,0
K17 2014 1,0
K17 2014 2,0
K17 2014 3,0
K17 2015 1,0
K17 2015 2,0
K18 2006 1,2
K18 2006 2,1
K18 2006 3,0
K18 2006 4,1
K18 2006 5,0
K18 2007 1,0
K18 2007 2,0
K18 2007 3,0
K18 2008 1,0
K18 2008 2,0
K18 2008 3,0
K18 2009 1,0
K18 2009 2,0
K18 2009 3,0
K18 2010 1,0
K18 2010 2,0
K18 2010 3,0
K18 2011 1,0
K18 2011 2,1
K18 2011 3,0
K18 2012 1,0
K18 2012 2,0
K18 2012 3,1
K18 2013 1,0
K18 2013 2,1
K18 2013 3,1
K18 2014 1,0
K18 2014 2,0
K18 2014 3,0
K18 2015 1,1
K18 2015 2,0
K19 2006 1,0
K19 2006 2,0
K19 2006 3,0
K19 2006 4,0
K19 2006 5,0
K19 2007 1,0
K19 2007 2,0
K19 2007 3,0
K19 2008 1,1
K19 2008 2,0
K19 2008 3,0
K19 2009 1,0
K19 2009 2,0
K19 2009 3,0
K19 2010 1,0
K19 2010 2,0
K19 2010 3,0
K2 2006 1,1
K2 2006 2,0
K2 2006 3,0
K2 2006 4,0
K2 2006 5,1
K2 2007 1,0
K2 2007 2,0
K2 2007 3,0
K2 2008 1,0
K2 2008 2,0
K2 2008 3,0
K2 2009 1,1
K2 2009 2,1
K2 2009 3,1
K2 2010 1,2
K2 2010 2,0
K2 2010 3,2
K2 2011 1,1
K2 2011 2,1
K2 2011 3,2
K2 2012 1,0
K2 2012 2,1
K2 2012 3,0
K2 2013 1,0
K2 2013 2,1
K2 2013 3,1
K2 2014 1,0
K2 2014 2,0
K2 2014 3,0
K2 2015 1,1
K2 2015 2,0
K20 2006 1,0
K20 2006 2,0
K20 2006 3,0
K20 2006 4,0
K20 2006 5,0
K20 2007 1,0
K20 2007 2,0
K20 2007 3,0
K20 2008 1,0
K20 2008 2,0
K20 2008 3,0
K20 2009 1,0
K20 2009 2,0
K20 2009 3,0
K20 2010 1,0
K20 2010 2,0
K20 2010 3,0
K21 2006 1,0
K21 2006 2,0
K21 2006 3,0
K21 2006 4,0
K21 2006 5,1
K21 2007 1,0
K21 2007 2,0
K21 2007 3,0
K21 2008 1,1
K21 2008 2,1
K21 2008 3,0
K21 2009 1,0
K21 2009 2,1
K21 2009 3,1
K21 2010 1,0
K21 2010 2,0
K21 2010 3,0
K22 2006 1,0
K22 2006 2,1
K22 2006 3,1
K22 2006 4,0
K22 2006 5,1
K22 2007 1,0
K22 2007 2,1
K22 2007 3,1
K22 2008 1,0
K22 2008 2,2
K22 2008 3,2
K22 2009 1,0
K22 2009 2,0
K22 2009 3,0
K22 2010 1,2
K22 2010 2,1
K22 2010 3,2
K22 2011 1,0
K22 2011 2,1
K22 2011 3,1
K22 2012 1,0
K22 2012 2,1
K22 2012 3,1
K22 2013 1,0
K22 2013 2,0
K22 2013 3,0
K22 2014 1,0
K22 2014 2,0
K22 2014 3,1
K22 2015 1,0
K22 2015 2,0
K23 2006 1,1
K23 2006 2,1
K23 2006 3,0
K23 2006 4,1
K23 2006 5,1
K23 2007 1,1
K23 2007 2,0
K23 2007 3,0
K23 2008 1,0
K23 2008 2,0
K23 2008 3,0
K23 2009 1,1
K23 2009 2,0
K23 2009 3,1
K23 2010 1,0
K23 2010 2,0
K24 2006 1,0
K24 2006 2,0
K24 2006 3,0
K24 2006 4,0
K24 2006 5,0
K24 2007 1,0
K24 2007 2,0
K24 2007 3,1
K24 2008 1,0
K24 2008 2,0
K24 2008 3,0
K24 2009 1,0
K24 2009 2,1
K24 2009 3,1
K24 2010 1,0
K25 2006 1,0
K25 2006 2,0
K25 2006 3,0
K25 2006 4,0
K25 2006 5,0
K25 2007 1,0
K25 2007 2,1
K25 2007 3,2
K25 2008 1,0
K25 2008 2,2
K25 2008 3,0
K25 2009 1,2
K25 2009 2,2
K25 2009 3,0
K25 2013 1,1
K26 2006 1,0
K26 2006 2,0
K26 2006 3,0
K26 2006 4,0
K26 2006 5,0
K26 2007 1,0
K26 2007 2,1
K26 2007 3,0
K26 2008 1,0
K26 2008 2,0
K26 2008 3,0
K26 2009 1,0
K26 2009 2,0
K26 2009 3,0
K26 2010 1,0
K3 2006 1,0
K3 2006 2,1
K3 2006 3,1
K3 2006 4,1
K3 2006 5,0
K3 2007 1,3
K3 2007 2,1
K3 2007 3,0
K3 2008 1,3
K3 2008 2,0
K3 2008 3,1
K3 2009 1,1
K3 2009 2,1
K3 2009 3,2
K3 2010 1,0
K3 2010 2,0
K3 2010 3,0
K4 2006 1,1
K4 2006 2,0
K4 2006 3,0
K4 2006 4,0
K4 2006 5,0
K4 2007 1,1
K4 2007 2,1
K4 2007 3,2
K4 2008 1,1
K4 2008 2,0
K4 2008 3,0
K4 2009 1,0
K4 2009 2,1
K4 2009 3,2
K4 2010 1,1
K4 2010 2,1
K4 2010 3,2
K5 2006 1,0
K5 2006 2,1
K5 2006 3,1
K5 2006 4,0
K5 2007 1,0
K5 2007 2,0
K5 2007 3,0
K5 2008 1,0
K5 2008 2,0
K5 2008 3,0
K5 2009 1,1
K5 2009 2,1
K5 2009 3,2
K5 2010 1,0
K5 2010 2,1
K5 2010 3,0
K6 2006 1,0
K6 2006 2,0
K6 2006 3,0
K6 2006 4,0
K6 2006 5,0
K6 2007 1,0
K6 2007 2,0
K6 2007 3,0
K6 2008 1,1
K6 2008 2,1
K6 2008 3,0
K6 2009 1,0
K6 2009 2,0
K6 2009 3,0
K6 2010 1,0
K6 2010 2,0
K6 2010 3,0
K6 2011 1,0
K6 2011 2,0
K6 2011 3,1
K6 2012 1,0
K6 2012 2,0
K6 2012 3,0
K6 2013 1,1
K6 2013 2,2
K6 2013 3,0
K6 2014 1,0
K6 2014 2,0
K6 2014 3,0
K6 2015 1,0
K6 2015 2,0
K7 2006 1,0
K7 2006 2,1
K7 2006 3,1
K7 2006 4,0
K7 2006 5,0
K7 2007 1,0
K7 2007 2,0
K7 2007 3,0
K7 2008 1,0
K7 2008 2,0
K7 2008 3,0
K7 2009 1,0
K7 2009 2,0
K7 2009 3,0
K7 2010 1,0
K7 2010 2,2
K7 2010 3,3
K7 2011 1,0
K7 2011 2,0
K7 2011 3,1
K7 2012 1,0
K7 2012 2,0
K7 2012 3,0
K7 2013 1,0
K7 2013 2,0
K7 2013 3,1
K7 2014 1,0
K7 2014 2,0
K7 2014 3,0
K7 2015 1,1
K7 2015 2,0
K8 2006 1,0
K8 2006 2,0
K8 2006 3,0
K8 2006 4,0
K8 2007 1,0
K8 2007 2,0
K8 2007 3,0
K8 2008 1,0
K8 2008 2,0
K8 2008 3,0
K8 2009 1,0
K8 2009 2,0
K9 2006 1,0
K9 2006 2,0
K9 2006 3,0
K9 2006 4,0
K9 2006 5,0
K9 2007 1,0
K9 2007 2,0
K9 2007 3,0
K9 2008 1,0
K9 2008 2,0
K9 2008 3,0
K9 2009 1,0
K9 2009 2,0
K9 2009 3,0
K9 2010 1,0
K9 2010 2,0
K9 2010 3,0
K9 2011 1,0
K9 2011 2,0
K9 2011 3,0
K9 2012 1,0
K9 2012 2,0
K9 2012 3,0
K9 2013 1,0
K9 2013 2,0
K9 2013 3,0
K9 2014 1,0
K9 2014 2,0
K9 2014 3,0
K9 2015 1,0
K9 2015 2,0
L? 2015 1,0
L1 2006 1,0
L1 2006 2,0
L1 2006 3,0
L1 2006 4,0
L1 2006 5,0
L1 2007 1,0
L1 2007 2,0
L1 2007 3,0
L1 2008 1,0
L1 2008 2,0
L1 2008 3,0
L1 2009 1,0
L1 2009 2,1
L1 2009 3,1
L1 2010 1,0
L1 2010 2,0
L1 2010 3,0
L1 2011 1,0
L1 2011 2,0
L1 2011 3,1
L1 2012 1,0
L1 2012 2,0
L1 2012 3,0
L1 2013 1,0
L1 2013 2,1
L1 2013 3,0
L10 2006 1,0
L10 2006 2,0
L10 2006 3,0
L10 2006 4,0
L10 2006 5,0
L10 2007 1,0
L10 2007 2,0
L10 2007 3,0
L10 2008 1,0
L10 2008 2,0
L10 2008 3,0
L10 2009 1,1
L10 2009 2,0
L10 2009 3,0
L10 2010 1,1
L10 2010 2,0
L10 2010 3,1
L11 2006 1,0
L11 2006 2,0
L11 2006 3,0
L11 2006 4,0
L11 2006 5,0
L11 2007 1,0
L11 2007 2,0
L11 2007 3,0
L11 2008 1,0
L11 2008 2,0
L11 2008 3,0
L11 2009 1,1
L11 2009 2,1
L11 2009 3,1
L11 2010 1,0
L11 2010 2,0
L11 2010 3,0
L12 2006 1,3
L12 2006 2,0
L12 2006 3,0
L12 2006 4,2
L12 2006 5,1
L12 2007 1,2
L12 2007 2,1
L12 2007 3,1
L12 2008 1,0
L12 2008 2,0
L12 2008 3,1
L12 2009 1,1
L12 2009 2,2
L12 2009 3,0
L12 2010 1,0
L12 2010 2,1
L12 2010 3,0
L12 2011 1,0
L12 2011 2,0
L12 2011 3,0
L12 2012 1,1
L12 2012 2,1
L12 2012 3,0
L12 2013 1,1
L12 2013 2,1
L12 2013 3,0
L12 2014 1,1
L12 2014 2,1
L12 2014 3,0
L12 2015 1,0
L12 2015 2,0
L13 2006 1,0
L13 2006 2,0
L13 2006 3,0
L13 2006 4,0
L13 2006 5,0
L13 2007 1,0
L13 2007 2,0
L13 2007 3,0
L13 2008 1,0
L13 2008 2,0
L13 2008 3,0
L13 2009 1,0
L13 2009 2,0
L13 2009 3,0
L13 2010 1,0
L14 2006 1,0
L14 2006 2,0
L14 2006 3,0
L14 2006 4,0
L14 2006 5,0
L14 2007 1,0
L14 2007 2,0
L14 2007 3,0
L14 2008 1,0
L14 2008 2,0
L14 2008 3,0
L14 2009 1,0
L14 2009 2,0
L14 2009 3,0
L14 2010 1,0
L14 2010 2,0
L14 2010 3,0
L14 2011 1,0
L14 2011 2,0
L14 2011 3,0
l14 2012 1,0
L14 2012 2,0
L14 2012 3,0
L14 2013 1,0
L14 2013 2,0
L14 2013 3,0
L14 2014 1,0
L14 2014 2,0
L14 2014 3,0
L15 2006 1,0
L15 2006 2,0
L15 2006 3,0
L15 2006 4,0
L15 2006 5,0
L15 2007 1,0
L15 2007 2,0
L15 2007 3,0
L15 2008 1,0
L15 2008 2,0
L15 2008 3,0
L15 2009 1,0
L15 2009 2,0
L15 2009 3,0
L15 2010 1,0
L15 2010 2,0
L15 2010 3,0
L16 2006 1,0
L16 2006 2,0
L16 2006 3,0
L16 2006 4,0
L16 2006 5,0
L16 2007 1,0
L16 2007 2,1
L16 2007 3,0
L16 2008 1,0
L16 2008 2,2
L16 2008 3,0
L16 2009 1,1
L16 2009 2,2
L16 2009 3,1
L16 2010 1,0
L16 2010 2,0
L16 2010 3,0
L16 2011 1,1
L16 2011 2,0
L16 2011 3,1
L16 2012 1,0
L16 2012 2,0
L16 2012 3,2
L16 2013 1,1
L16 2013 2,1
L16 2013 3,2
L16 2014 1,1
L16 2014 2,1
L16 2014 3,2
L16 2015 1,1
L16 2015 2,0
L17 2006 1,0
L17 2006 2,0
L17 2006 3,0
L17 2006 4,0
L17 2006 5,0
L17 2007 1,1
L17 2007 2,1
L17 2007 3,1
L17 2008 1,2
L17 2008 2,0
L17 2008 3,2
L17 2009 1,2
L17 2009 2,3
L17 2009 3,1
L17 2010 1,0
L17 2010 2,0
L17 2010 3,1
L18 2006 1,0
L18 2006 2,0
L18 2006 3,0
L18 2006 4,0
L18 2006 5,0
L18 2007 1,0
L18 2007 2,0
L18 2007 3,0
L18 2008 1,0
L18 2008 2,1
L18 2008 3,0
L18 2009 1,0
L18 2009 2,0
L18 2010 1,4
L18 2010 2,2
L18 2010 3,1
L18 2011 1,1
L18 2011 2,0
L18 2011 3,0
L18 2012 1,1
L18 2012 2,2
L18 2012 3,2
L18 2013 1,0
L18 2013 2,0
L18 2013 3,1
L18 2014 1,1
L18 2014 2,1
L18 2014 3,1
L18 2015 1,2
L18 2015 2,1
L19 2006 1,1
L19 2006 2,0
L19 2006 3,0
L19 2006 4,0
L19 2006 5,1
L19 2007 1,1
L19 2007 2,0
L19 2007 3,0
L19 2008 1,0
L19 2008 2,2
L19 2008 3,0
L19 2009 1,0
L19 2009 2,0
L19 2010 1,2
L2 2006 1,0
L2 2006 2,0
L2 2006 3,0
L2 2006 4,0
L2 2006 5,0
L2 2007 1,0
L2 2007 2,0
L2 2007 3,0
L2 2008 1,0
L2 2008 2,0
L2 2008 3,0
L2 2009 1,2
L2 2009 2,2
L2 2009 3,2
L2 2010 1,0
L2 2010 2,0
L2 2010 3,0
L20 2006 1,0
L20 2006 2,0
L20 2006 3,0
L20 2006 4,0
L20 2006 5,0
L20 2007 1,0
L20 2007 2,0
L20 2007 3,0
L20 2008 1,0
L20 2008 2,1
L20 2008 3,1
L20 2009 1,0
L20 2009 2,1
L20 2009 3,1
L20 2010 1,0
L20 2010 2,0
L20 2010 3,0
L21 2006 1,0
L21 2006 2,1
L21 2006 3,1
L21 2006 4,0
L21 2006 5,0
L21 2007 1,0
L21 2007 2,0
L21 2007 3,0
L21 2008 1,1
L21 2008 2,0
L21 2008 3,1
L21 2009 1,1
L21 2009 2,2
L21 2009 3,2
L21 2010 1,0
L21 2010 2,1
L21 2010 3,1
L21 2011 1,0
L21 2011 2,0
L21 2011 3,0
L21 2012 1,0
L21 2012 2,0
L21 2012 3,0
L21 2013 1,0
L21 2013 2,0
L21 2013 3,0
L21 2014 1,0
L21 2014 2,0
L21 2014 3,0
L21 2015 1,0
L21 2015 2,0
L22 2006 1,1
L22 2006 2,0
L22 2006 3,0
L22 2006 4,1
L22 2006 5,0
L22 2007 1,0
L22 2007 2,0
L22 2007 3,1
L22 2008 1,0
L22 2008 2,0
L22 2008 3,0
L22 2009 1,2
L22 2009 2,0
L22 2009 3,1
L22 2010 1,0
L22 2010 2,1
L22 2010 3,0
L23 2006 1,1
L23 2006 2,0
L23 2006 3,0
L23 2006 4,0
L23 2006 5,1
L23 2007 1,1
L23 2007 2,2
L23 2007 3,1
L23 2008 1,0
L23 2008 2,1
L23 2008 3,0
L23 2009 1,2
L23 2009 2,4
L23 2009 3,2
L23 2010 1,1
L23 2010 2,3
L23 2010 3,3
L23 2011 1,1
L23 2011 2,2
L23 2011 3,1
L23 2012 1,3
L23 2012 2,2
L23 2012 3,3
L23 2013 1,0
L23 2013 2,0
L23 2013 3,1
L23 2014 1,0
L23 2014 2,0
L23 2014 3,0
L23 2015 1,2
L23 2015 2,1
L24 2006 1,0
L24 2006 2,0
L24 2006 3,0
L24 2006 4,0
L24 2006 5,0
L24 2007 1,2
L24 2007 2,1
L24 2007 3,1
L24 2008 1,2
L24 2008 2,0
L24 2008 3,0
L24 2009 1,2
L24 2009 2,1
L24 2009 3,1
L24 2010 1,0
L24 2010 2,0
L24 2010 3,0
L24 2011 1,0
L24 2011 2,0
L24 2011 3,0
L24 2012 1,0
L24 2012 2,1
L24 2012 3,1
L24 2013 1,0
L24 2013 2,0
L24 2013 3,0
L24 2014 1,0
L24 2014 2,0
L24 2014 3,0
L24 2015 1,0
L24 2015 2,0
L25 2006 1,0
L25 2006 2,0
L25 2006 3,0
L25 2006 4,0
L25 2006 5,0
L25 2007 1,0
L25 2007 2,1
L25 2007 3,0
L25 2008 1,0
L25 2008 2,2
L25 2008 3,1
L25 2009 1,1
L25 2009 2,2
L25 2009 3,0
L25 2010 1,0
L25 2010 2,0
L25 2010 3,1
L3 2006 1,0
L3 2006 2,0
L3 2006 3,0
L3 2006 4,0
L3 2006 5,0
L3 2007 1,0
L3 2007 2,0
L3 2007 3,0
L3 2008 1,0
L3 2008 2,0
L3 2008 3,0
L3 2009 1,1
L3 2009 2,0
L3 2009 3,0
L3 2010 1,0
L4 2006 1,0
L4 2006 2,0
L4 2006 3,0
L4 2006 4,0
L4 2006 5,0
L4 2007 1,0
L4 2007 2,0
L4 2007 3,0
L4 2008 1,0
L4 2008 2,0
L4 2008 3,0
L4 2009 1,0
L4 2009 2,0
L4 2009 3,0
L4 2010 1,1
L4 2010 2,0
L4 2010 3,1
L4 2011 1,0
L4 2011 2,0
L4 2011 3,0
L4 2012 1,0
L4 2012 2,0
L4 2012 3,0
L4 2013 1,0
L4 2013 2,0
L4 2013 3,0
L4 2014 1,0
L4 2014 2,0
L4 2014 3,0
L5 2006 1,0
L5 2006 2,0
L5 2006 3,0
L5 2006 4,0
L5 2006 5,0
L5 2007 1,0
L5 2007 2,0
L5 2007 3,0
L5 2008 1,0
L5 2008 2,0
L5 2008 3,0
L5 2009 1,0
L5 2009 2,0
L5 2009 3,1
L5 2010 1,0
L5 2010 2,0
L5 2010 3,0
L6 2006 1,0
L6 2006 2,0
L6 2006 3,0
L6 2006 4,0
L6 2006 5,0
L6 2007 1,0
L6 2007 2,0
L6 2007 3,0
L6 2008 1,0
L6 2008 2,0
L6 2008 3,0
L6 2009 1,0
L6 2009 2,0
L6 2009 3,0
L6 2010 1,0
L6 2010 2,0
L6 2010 3,0
L6 2011 1,0
L6 2011 2,0
L6 2011 3,0
l6 2012 1,0
L6 2012 2,0
L6 2012 3,0
L6 2013 1,1
L6 2013 2,1
L6 2013 3,1
L6 2014 1,0
L6 2014 2,0
L6 2014 3,0
L6 2015 1,0
L6 2015 2,0
L6 2015 3,0
L7 2006 1,0
L7 2006 2,0
L7 2006 3,0
L7 2006 4,0
L7 2006 5,0
L7 2007 1,0
L7 2007 2,0
L7 2007 3,0
L7 2008 1,0
L7 2008 2,0
L7 2008 3,0
L7 2009 1,0
L7 2009 2,0
L7 2009 3,0
L7 2010 1,0
L8 2006 1,0
L8 2006 2,0
L8 2006 3,0
L8 2006 4,0
L8 2006 5,0
L8 2007 1,0
L8 2007 2,0
L8 2007 3,0
L8 2008 1,0
L8 2008 2,0
L8 2008 3,0
L8 2009 1,1
L8 2009 2,0
L8 2009 3,0
L8 2010 1,0
L9 2006 1,0
L9 2006 2,0
L9 2006 3,0
L9 2006 4,0
L9 2006 5,0
L9 2007 1,0
L9 2007 2,0
L9 2007 3,0
L9 2008 1,0
L9 2008 2,0
L9 2008 3,0
L9 2009 1,0
L9 2009 2,0
L9 2009 3,0
L9 2010 1,0
L9 2010 2,0
L9 2010 3,0
L9 2011 1,0
L9 2011 2,0
L9 2011 3,0
L9 2012 1,0
L9 2012 2,0
L9 2012 3,0
L9 2013 1,0
L9 2013 2,0
L9 2013 3,0
L9 2014 1,0
L9 2014 2,0
L9 2014 3,0
L9 2015 1,0
L9 2015 2,0
L9 2015 3,0
L99 2015 1,0
L99 2015 2,0
M1 2007 1,0
M1 2007 2,0
M1 2007 3,0
M1 2008 1,0
M1 2008 2,1
M1 2008 3,0
M1 2009 1,0
M1 2009 2,0
M1 2009 3,0
M1 2011 1,0
M1 2011 2,0
M1 2011 3,0
M1 2012 1,0
M1 2012 2,0
M1 2012 3,0
M1 2013 1,0
M1 2013 2,1
M1 2013 3,0
M1 2014 1,0
M1 2014 2,0
M1 2014 3,0
M1 2015 1,0
M1 2015 2,0
M10 2007 1,0
M10 2007 2,1
M10 2007 3,1
M10 2008 1,0
M10 2008 2,1
M10 2008 3,0
M10 2009 1,0
M10 2009 2,0
M10 2009 3,0
M10 2011 1,0
M10 2011 2,0
M10 2011 3,0
M10 2012 1,2
M10 2012 2,0
M10 2012 3,1
M10 2013 1,0
M10 2013 2,0
M10 2013 3,0
M10 2014 1,0
M10 2014 2,1
M10 2014 3,0
M10 2015 1,1
M10 2015 2,0
M11 2007 1,1
M11 2007 2,2
M11 2007 3,3
M11 2008 1,1
M11 2008 2,1
M11 2008 3,0
M11 2009 1,1
M11 2009 2,0
M11 2009 3,0
M12 2007 1,0
M12 2007 2,0
M12 2007 3,2
M12 2008 1,0
M12 2008 2,0
M12 2008 3,0
M12 2009 1,0
M12 2009 2,0
M12 2009 3,0
M12 2011 1,0
M12 2011 2,1
M12 2011 3,0
M12 2012 1,1
M12 2012 2,1
M12 2012 3,1
M12 2013 1,1
M12 2013 2,0
M12 2013 3,0
M12 2014 1,0
M12 2014 2,0
M12 2014 3,0
M12 2015 1,0
M12 2015 2,1
M12 2015 3,0
M13 2007 1,0
M13 2007 2,0
M13 2007 3,0
M13 2008 1,0
M13 2008 2,1
M13 2008 3,0
M13 2009 1,0
M13 2009 2,0
M13 2009 3,1
M14 2007 1,1
M14 2007 2,1
M14 2007 3,2
M14 2008 1,1
M14 2008 2,1
M14 2008 3,0
M14 2009 1,1
M14 2009 2,0
M14 2009 3,0
M14 2011 1,0
M14 2011 2,0
M14 2011 3,0
M14 2012 1,0
M14 2012 2,0
M14 2012 3,0
M14 2013 1,0
M14 2013 2,0
M14 2013 3,0
M14 2014 1,0
M14 2014 2,0
M14 2014 3,0
M14 2015 1,1
M14 2015 2,1
M15 2007 1,0
M15 2007 2,2
M15 2007 3,3
M15 2008 1,1
M15 2008 2,0
M15 2008 3,0
M15 2009 1,1
M15 2009 2,0
M15 2009 3,1
M16 2007 1,0
M16 2007 2,2
M16 2007 3,4
M16 2008 1,0
M16 2008 2,0
M16 2008 3,0
M16 2009 1,1
M16 2009 2,0
M16 2009 3,1
M16 2011 1,0
M16 2011 2,1
M16 2011 3,1
M16 2012 1,2
M16 2012 2,2
M16 2012 3,2
M16 2013 1,0
M16 2013 2,0
M16 2013 3,1
M16 2014 1,0
M16 2014 2,1
M16 2014 3,0
M16 2015 1,2
M16 2015 2,0
M17 2007 1,0
M17 2007 2,2
M17 2007 3,2
M17 2008 1,0
M17 2008 2,0
M17 2008 3,1
M17 2009 1,0
M17 2009 2,0
M17 2009 3,0
M18 2007 1,0
M18 2007 2,3
M18 2007 3,0
M18 2008 1,0
M18 2008 2,1
M18 2008 3,1
M18 2009 1,0
M18 2009 2,0
M18 2009 3,1
M19 2007 1,2
M19 2007 2,3
M19 2007 3,2
M19 2008 1,0
M19 2008 2,0
M19 2008 3,0
M19 2009 1,1
M19 2009 2,0
M19 2009 3,0
M2 2007 1,0
M2 2007 2,0
M2 2007 3,0
M2 2008 1,0
M2 2008 2,0
M2 2008 3,0
M2 2009 1,0
M2 2009 2,0
M2 2009 3,0
M20 2007 1,0
M20 2007 2,0
M20 2007 3,0
M20 2008 1,0
M20 2008 2,0
M20 2008 3,0
M20 2009 1,0
M20 2009 2,0
M20 2009 3,0
M20 2011 1,2
M20 2011 2,0
M20 2011 3,0
M20 2012 1,2
M20 2012 2,2
M20 2012 3,0
M20 2013 1,0
M20 2013 2,0
M20 2013 3,0
M20 2014 1,0
M20 2014 2,1
M20 2014 3,0
M20 2015 1,0
M20 2015 2,0
M20 2015 3,0
M21 2007 1,0
M21 2007 2,0
M21 2007 3,1
M21 2008 1,1
M21 2008 2,0
M21 2008 3,0
M21 2009 1,0
M21 2009 2,1
M21 2009 3,0
M22 2007 1,0
M22 2007 2,0
M22 2007 3,0
M22 2008 1,0
M22 2008 2,0
M22 2008 3,0
M22 2009 1,0
M22 2009 2,0
M22 2009 3,0
M22 2011 1,0
M22 2011 2,0
M22 2011 3,0
M22 2012 1,0
M22 2012 2,1
M22 2012 3,2
M22 2013 1,0
M22 2013 2,0
M22 2013 3,0
M22 2014 1,0
M22 2014 2,0
M22 2014 3,0
M22 2015 1,0
M22 2015 2,0
M22 2015 3,0
M23 2007 1,3
M23 2007 2,1
M23 2007 3,2
M23 2008 1,0
M23 2008 2,1
M23 2008 3,0
M23 2009 1,0
M23 2009 2,0
M23 2009 3,0
M23 2014 1,0
M24 2007 1,0
M24 2007 2,0
M24 2007 3,0
M24 2008 1,1
M24 2008 2,1
M24 2008 3,0
M24 2009 1,0
M24 2009 2,0
M24 2009 3,0
M25 2007 1,0
M25 2007 2,0
M25 2007 3,0
M25 2008 1,1
M25 2008 2,1
M25 2008 3,1
M25 2009 1,0
M25 2009 2,0
M25 2009 3,0
M25 2011 1,0
M25 2011 2,0
M25 2011 3,0
M25 2012 1,0
M25 2012 2,0
M25 2012 3,0
M25 2013 1,0
M25 2013 2,0
M25 2013 3,0
M25 2014 1,0
M25 2014 2,1
M25 2014 3,0
M25 2015 1,0
M25 2015 2,0
M25 2015 3,0
M26 2007 1,0
M26 2007 2,0
M26 2007 3,0
M26 2008 1,0
M26 2008 2,0
M26 2008 3,0
M26 2009 1,1
M26 2009 2,0
M26 2009 3,1
M3 2007 1,0
M3 2007 2,0
M3 2007 3,0
M3 2008 1,1
M3 2008 2,0
M3 2008 3,0
M3 2009 1,1
M3 2009 2,1
M3 2011 1,0
M3 2011 2,1
M3 2011 3,0
M3 2012 1,0
M3 2012 2,0
M3 2012 3,0
M3 2013 1,1
M3 2013 2,1
M3 2013 3,0
M3 2014 1,0
M3 2014 2,2
M3 2014 3,1
M3 2015 1,2
M3 2015 2,1
M4 2007 1,1
M4 2007 2,0
M4 2007 3,1
M4 2008 1,1
M4 2008 2,1
M4 2008 3,2
M4 2009 1,0
M4 2009 2,0
M4 2009 3,1
M5 2007 1,0
M5 2007 2,0
M5 2007 3,0
M5 2008 1,0
M5 2008 2,0
M5 2008 3,0
M5 2009 1,0
M5 2009 2,0
M5 2009 3,0
M5 2011 1,0
M5 2011 2,0
M5 2011 3,0
M5 2012 1,1
M5 2012 2,0
M5 2012 3,0
M5 2013 1,1
M5 2013 2,1
M5 2013 3,0
M5 2014 1,1
M5 2014 2,1
M5 2014 3,0
M5 2015 1,1
M5 2015 2,0
M6 2007 1,1
M6 2007 2,1
M6 2007 3,0
M6 2008 1,0
M6 2008 2,0
M6 2008 3,0
M6 2009 1,1
M6 2009 2,0
M6 2009 3,0
M7 2007 1,3
M7 2007 2,1
M7 2007 3,0
M7 2008 1,1
M7 2008 2,2
M7 2008 3,2
M7 2009 1,0
M7 2009 2,0
M7 2009 3,0
M7 2011 1,0
M7 2011 2,1
M7 2011 3,0
M7 2012 1,1
M7 2012 2,0
M7 2012 3,0
M7 2013 1,0
M7 2013 2,0
M7 2013 3,1
M7 2014 1,1
M7 2014 2,0
M7 2014 3,1
M7 2015 1,1
M7 2015 2,0
M7 2015 3,0
M8 2007 1,3
M8 2007 2,0
M8 2007 3,1
M8 2008 1,1
M8 2008 2,1
M8 2008 3,0
M8 2009 1,4
M8 2009 2,1
M8 2009 3,0
M9 2007 1,3
M9 2007 2,3
M9 2007 3,2
M9 2008 1,0
M9 2008 2,0
M9 2008 3,0
M9 2009 1,0
M9 2009 2,0
M9 2009 3,2
N1 2007 1,0
N1 2007 2,0
N1 2007 3,0
N1 2008 1,0
N1 2008 2,0
N1 2008 3,0
N1 2009 1,1
N1 2009 2,0
N1 2009 3,2
N1 2010 1,0
N1 2010 2,0
N1 2010 3,0
N10 2007 1,1
N10 2007 2,0
N10 2007 3,0
N10 2008 1,1
N10 2008 2,0
N10 2008 3,0
N10 2009 1,1
N10 2009 2,0
N10 2009 3,0
N10 2010 1,0
N10 2010 2,0
N10 2010 3,2
N11 2007 1,1
N11 2007 2,0
N11 2007 3,1
N11 2008 1,0
N11 2008 2,1
N11 2008 3,2
N11 2009 1,0
N11 2009 2,0
N11 2009 3,0
N11 2010 1,1
N11 2010 2,1
N11 2010 3,0
N11 2011 1,0
N11 2011 2,0
N11 2011 3,1
N11 2012 1,0
N11 2012 2,2
N11 2012 3,0
N11 2013 1,0
N11 2013 2,0
N11 2013 3,0
N11 2014 2,0
N11 2014 3,0
N11 2014 4,0
N11 2015 1,0
N11 2015 2,0
N12 2007 1,0
N12 2007 2,1
N12 2007 3,0
N12 2008 1,1
N12 2008 2,1
N12 2008 3,1
N12 2009 1,0
N12 2009 2,0
N12 2009 3,0
N12 2010 1,0
N12 2010 2,0
N12 2010 3,0
N12 2011 1,0
N12 2011 2,0
N12 2011 3,0
N12 2012 1,0
N12 2012 2,0
N12 2012 3,0
N12 2013 1,1
N12 2013 2,0
N12 2013 3,0
N12 2014 1,0
N12 2014 2,0
N12 2014 3,0
N12 2015 1,0
N12 2015 2,0
N13 2007 1,0
N13 2007 2,1
N13 2007 3,0
N13 2008 1,0
N13 2008 2,0
N13 2008 3,1
N13 2009 1,0
N13 2009 2,0
N13 2009 3,0
N13 2010 1,0
N13 2010 2,0
N13 2010 3,0
N14 2007 1,0
N14 2007 2,0
N14 2007 3,0
N14 2008 1,0
N14 2008 2,0
N14 2008 3,0
N14 2009 2,0
N14 2009 3,0
N14 2010 1,0
N14 2010 2,0
N14 2010 3,0
N14 2011 1,0
N14 2011 2,0
N14 2011 3,0
N14 2012 1,0
N14 2012 2,0
N14 2012 3,0
N14 2013 1,0
N14 2013 2,0
N14 2013 3,0
N14 2014 1,0
N14 2014 2,0
N14 2014 3,0
N14 2015 1,0
N14 2015 2,0
N15 2007 1,1
N15 2007 2,0
N15 2007 3,0
N15 2008 1,0
N15 2008 2,0
N15 2008 3,0
N15 2009 1,0
N15 2009 2,0
N15 2009 3,0
N15 2010 1,0
N15 2010 2,0
N15 2010 3,0
N16 2007 1,1
N16 2007 2,1
N16 2007 3,1
N16 2008 1,0
N16 2008 2,0
N16 2008 3,1
N16 2009 1,0
N16 2009 2,0
N16 2009 3,0
N17 2007 1,0
N17 2007 2,2
N17 2007 3,0
N17 2008 1,0
N17 2008 2,1
N17 2008 3,0
N17 2009 1,0
N17 2009 2,0
N17 2009 3,0
N17 2010 2,0
N17 2010 3,0
N17 2011 1,0
N17 2011 2,1
N17 2011 3,0
N17 2012 1,1
N17 2012 2,0
N17 2012 3,0
N17 2013 1,0
N17 2013 2,0
N17 2013 3,0
N17 2014 1,0
N17 2014 2,2
N17 2014 3,0
N17 2015 1,0
N17 2015 2,0
N18 2007 1,1
N18 2007 2,1
N18 2007 3,2
N18 2008 1,0
N18 2008 2,0
N18 2008 3,1
N18 2009 1,0
N18 2009 2,0
N18 2009 3,0
N18 2010 1,0
N18 2010 2,0
N18 2010 3,0
N19 2007 1,2
N19 2007 2,1
N19 2007 3,1
N19 2008 1,1
N19 2008 2,1
N19 2008 3,1
N19 2009 1,0
N19 2009 2,0
N19 2009 3,0
N19 2010 1,2
N19 2010 2,0
N19 2010 3,0
N2 2007 1,1
N2 2007 2,1
N2 2007 3,1
N2 2008 1,1
N2 2008 2,0
N2 2008 3,1
N2 2009 1,1
N2 2009 2,0
N2 2009 3,0
N2 2010 1,1
N2 2010 2,0
N2 2010 3,0
N2 2011 1,2
N2 2011 2,3
N2 2011 3,3
N2 2012 1,1
N2 2012 2,1
N2 2012 3,1
N2 2013 1,2
N2 2013 2,0
N2 2013 3,2
N2 2014 1,0
N2 2014 2,1
N2 2014 3,0
N2 2015 1,1
N2 2015 2,2
N20 2007 1,1
N20 2007 2,0
N20 2007 3,0
N20 2008 1,2
N20 2008 2,0
N20 2008 3,2
N20 2009 1,0
N20 2009 2,0
N20 2009 3,0
N20 2010 1,2
N20 2010 2,1
N20 2010 3,1
N20 2011 1,1
N20 2011 2,2
N20 2011 3,2
N20 2012 1,0
N20 2012 2,1
N20 2012 3,2
N20 2013 1,0
N20 2013 2,1
N20 2013 3,0
N20 2014 1,0
N20 2014 2,1
N20 2014 3,1
N20 2015 1,0
N20 2015 2,0
N21 2007 1,0
N21 2007 2,0
N21 2007 3,1
N21 2008 1,0
N21 2008 2,0
N21 2008 3,0
N21 2009 1,1
N21 2009 2,0
N21 2009 3,1
N21 2010 1,0
N21 2010 2,0
N21 2010 3,0
N22 2007 1,1
N22 2007 2,1
N22 2007 3,0
N22 2008 1,1
N22 2008 2,0
N22 2008 3,0
N22 2009 1,0
N22 2009 2,0
N22 2009 3,0
N22 2010 1,0
N22 2010 2,1
N22 2010 3,0
N23 2007 1,1
N23 2007 2,1
N23 2007 3,1
N23 2008 1,1
N23 2008 2,0
N23 2008 3,1
N23 2009 1,0
N23 2009 2,0
N23 2009 3,0
N23 2010 1,0
N23 2010 2,1
N23 2010 3,1
N23 2011 1,1
N23 2011 2,0
N23 2011 3,0
N23 2012 1,0
N23 2012 2,0
N23 2012 3,0
N23 2013 1,2
N23 2013 2,1
N23 2013 3,3
N23 2014 1,0
N23 2014 2,0
N23 2015 1,0
N23 2015 2,0
N24 2007 1,1
N24 2007 2,1
N24 2007 3,0
N24 2008 1,1
N24 2008 2,0
N24 2008 3,0
N24 2009 1,0
N24 2009 2,0
N24 2009 3,0
N24 2010 1,0
N24 2010 2,1
N24 2010 3,1
N25 2007 1,0
N25 2007 2,0
N25 2007 3,0
N25 2008 1,0
N25 2008 2,0
N25 2008 3,0
N25 2009 1,0
N25 2009 2,0
N25 2009 3,0
N25 2010 1,0
N25 2010 2,0
N25 2010 3,0
N26 2007 1,0
N26 2007 2,0
N26 2007 3,0
N26 2008 1,0
N26 2008 2,0
N26 2008 3,0
N26 2009 1,0
N26 2009 2,0
N26 2009 3,0
N26 2010 1,1
N26 2010 2,1
N26 2010 3,1
N26 2011 1,1
N26 2011 2,0
N26 2011 3,0
N26 2012 1,1
N26 2012 2,2
N26 2012 3,2
N26 2013 1,0
N26 2013 2,0
N26 2013 3,0
N26 2014 1,1
N26 2014 2,0
N26 2015 1,1
N26 2015 2,1
N27 2014 1,1
N3 2007 1,2
N3 2007 2,1
N3 2007 3,1
N3 2008 1,0
N3 2008 2,1
N3 2008 3,0
N3 2009 1,0
N3 2009 2,0
N3 2009 3,2
N3 2010 1,1
N3 2010 2,0
N3 2010 3,1
N4 2007 1,0
N4 2007 2,0
N4 2007 3,0
N4 2008 1,0
N4 2008 2,1
N4 2008 3,0
N4 2009 1,0
N4 2009 2,0
N4 2009 3,0
N4 2010 1,0
N4 2010 2,0
N4 2010 3,0
N4 2011 1,0
N4 2011 2,1
N4 2011 3,1
N4 2012 1,0
N4 2012 2,2
N4 2012 3,0
N4 2013 1,3
N4 2013 2,2
N4 2013 3,2
N4 2014 1,0
N4 2014 2,1
N4 2014 3,0
N4 2015 1,0
N4 2015 2,0
N5 2007 1,0
N5 2007 2,0
N5 2007 3,0
N5 2008 1,0
N5 2008 2,0
N5 2008 3,0
N5 2009 1,0
N5 2009 2,0
N5 2009 3,0
N5 2010 1,0
N5 2010 2,0
N5 2010 3,0
N6 2007 1,1
N6 2007 2,1
N6 2007 3,0
N6 2008 1,0
N6 2008 2,0
N6 2008 3,0
N6 2009 1,0
N6 2009 2,0
N6 2009 3,0
N6 2010 1,0
N6 2010 2,0
N6 2010 3,0
N6 2011 1,0
N6 2011 2,3
N6 2011 3,0
N6 2012 1,1
N6 2012 2,0
N6 2012 3,0
N6 2013 1,0
N6 2013 2,0
N6 2013 3,0
N6 2014 1,0
N6 2014 2,1
N6 2014 3,0
N6 2015 1,0
N6 2015 2,0
N7 2007 1,0
N7 2007 2,0
N7 2007 3,0
N7 2008 1,0
N7 2008 2,0
N7 2008 3,0
N7 2009 1,0
N7 2009 2,0
N7 2009 3,0
N7 2010 1,0
N7 2010 2,0
N7 2010 3,0
N8 2007 1,0
N8 2007 2,0
N8 2007 3,0
N8 2008 1,0
N8 2008 2,0
N8 2008 3,0
N8 2009 1,0
N8 2009 2,0
N8 2009 3,0
N8 2010 1,0
N9 2007 1,0
N9 2007 2,0
N9 2007 3,0
N9 2008 1,0
N9 2008 2,0
N9 2008 3,0
N9 2009 1,0
N9 2009 2,0
N9 2009 3,0
N9 2010 1,0
N9 2010 2,0
N9 2010 3,0
N9 2011 1,0
N9 2011 2,0
N9 2011 3,0
N9 2012 1,0
N9 2012 2,0
N9 2012 3,0
N9 2013 1,1
N9 2013 2,1
N9 2013 3,1
N9 2014 2,0
N9 2014 3,0
N9 2014 4,0
N9 2015 1,0
N9 2015 2,0
P1 2007 1,4
P1 2007 2,0
P1 2007 3,1
P1 2008 1,0
P1 2008 2,0
P1 2008 3,0
P1 2009 1,4
P1 2009 2,3
P1 2009 3,1
P1 2011 1,1
P1 2011 2,2
P1 2011 3,2
P1 2012 1,1
P1 2012 2,0
P1 2012 3,1
P1 2013 1,0
P1 2013 2,2
P1 2013 3,1
P1 2014 1,0
P1 2014 2,0
P10 2007 1,0
P10 2007 2,0
P10 2007 3,0
P10 2008 1,0
P10 2008 2,0
P10 2008 3,0
P10 2009 1,1
P10 2009 2,1
P10 2009 3,0
P11 2007 1,0
P11 2007 2,0
P11 2007 3,1
P11 2008 1,0
P11 2008 2,0
P11 2008 3,0
P11 2009 1,2
P11 2009 2,1
P11 2009 3,0
P12 2007 1,0
P12 2007 2,0
P12 2007 3,0
P12 2008 1,2
P12 2008 2,1
P12 2008 3,1
P12 2009 1,2
P12 2009 2,1
P12 2009 3,1
P13 2007 1,0
P13 2007 2,0
P13 2007 3,0
P13 2008 1,0
P13 2008 2,0
P13 2008 3,0
P13 2009 1,1
P13 2009 2,0
P13 2009 3,2
P13 2011 1,0
P13 2011 2,0
P13 2011 3,0
P13 2012 1,0
P13 2012 2,0
P13 2012 3,0
P13 2013 1,0
P13 2013 2,0
P13 2013 3,0
P13 2014 1,0
P13 2014 2,0
P13 2014 3,0
P13 2015 1,0
P13 2015 2,0
P14 2007 1,2
P14 2007 2,2
P14 2007 3,1
P14 2008 1,0
P14 2008 2,0
P14 2008 3,0
P14 2009 1,0
P14 2009 2,0
P14 2009 3,0
P15 2007 1,0
P15 2007 2,0
P15 2007 3,0
P15 2008 1,0
P15 2008 2,0
P15 2008 3,0
P15 2009 1,1
P15 2009 2,1
P15 2009 3,0
P16 2007 1,0
P16 2007 2,0
P16 2007 3,0
P16 2008 1,0
P16 2008 2,0
P16 2008 3,0
P16 2009 1,1
P16 2009 2,0
P16 2009 3,0
P16 2011 1,1
P16 2011 2,1
P16 2011 3,1
P16 2012 1,0
P16 2012 2,0
P16 2012 3,0
P16 2013 1,0
P16 2013 2,0
P16 2013 3,0
P16 2014 1,0
P16 2014 2,0
P16 2014 3,0
P16 2015 1,0
P16 2015 2,0
P17 2007 1,1
P17 2007 2,0
P17 2007 3,0
P17 2008 1,0
P17 2008 2,1
P17 2008 3,0
P17 2009 1,1
P17 2009 2,0
P17 2009 3,0
P17 2011 1,0
P17 2011 2,0
P17 2011 3,0
P17 2012 1,2
P17 2012 2,1
P17 2012 3,3
P17 2013 1,1
P17 2013 2,1
P17 2013 3,1
P17 2014 1,0
P17 2014 2,0
P17 2014 3,0
P17 2015 1,1
P17 2015 2,1
P18 2007 1,0
P18 2007 2,0
P18 2007 3,1
P18 2008 1,0
P18 2008 2,2
P18 2008 3,0
P18 2009 1,1
P18 2009 2,0
P18 2009 3,1
P19 2007 1,0
P19 2007 2,0
P19 2007 3,0
P19 2008 1,2
P19 2008 2,1
P19 2008 3,0
P19 2009 1,0
P19 2009 2,0
P19 2009 3,0
P19 2011 1,1
P19 2011 2,0
P19 2011 3,0
P19 2012 1,2
P19 2012 2,2
P19 2012 3,2
P19 2013 1,0
P19 2013 2,0
P19 2013 3,0
P2 2007 1,4
P2 2007 2,0
P2 2007 3,2
P2 2008 1,1
P2 2008 2,0
P2 2008 3,1
P2 2009 1,3
P2 2009 2,1
P2 2009 3,1
P2 2014 1,0
P20 2007 1,0
P20 2007 2,0
P20 2007 3,1
P20 2008 1,0
P20 2008 2,0
P20 2008 3,0
P20 2009 1,0
P20 2009 2,0
P20 2009 3,0
P21 2007 1,0
P21 2007 2,0
P21 2007 3,0
P21 2008 1,0
P21 2008 2,2
P21 2008 3,0
P21 2014 1,1
P21 2014 2,0
P21 2014 3,0
P21 2015 1,2
P21 2015 2,1
P22 2007 1,0
P22 2007 2,1
P22 2007 3,1
P22 2008 1,0
P22 2008 2,0
P22 2008 3,0
P22 2009 1,0
P22 2009 2,0
P22 2009 3,0
P22 2011 1,0
P22 2011 2,0
P22 2011 3,0
P22 2012 1,0
P22 2012 2,0
P22 2012 3,1
P22 2013 1,0
P22 2013 2,0
P22 2013 3,0
P22 2014 1,0
P22 2014 2,0
P22 2014 3,0
P22 2015 1,0
P22 2015 2,0
P23 2007 1,0
P23 2007 2,1
P23 2007 3,1
P23 2008 1,0
P23 2008 2,2
P23 2008 3,0
P23 2009 1,2
P23 2009 2,1
P23 2009 3,2
P24 2007 1,0
P24 2007 2,0
P24 2007 3,0
P24 2008 1,0
P24 2008 2,0
P24 2008 3,0
P24 2009 1,0
P24 2009 2,1
P24 2009 3,0
P25 2007 1,0
P25 2007 2,1
P25 2007 3,0
P25 2008 1,0
P25 2008 2,0
P25 2008 3,0
P25 2009 1,1
P25 2009 2,1
P25 2009 3,1
P26 2007 1,0
P26 2007 2,2
P26 2007 3,2
P26 2008 1,0
P26 2008 2,0
P26 2008 3,0
P26 2009 1,0
P26 2009 2,0
P26 2009 3,1
P26 2011 1,0
P26 2011 2,0
P26 2011 3,1
P26 2012 1,2
P26 2012 2,1
P26 2012 3,2
P26 2013 1,1
P26 2013 2,1
P26 2013 3,0
P26 2014 1,0
P26 2014 2,0
P26 2014 3,0
P26 2015 1,0
P26 2015 2,1
P3 2007 1,0
P3 2007 2,0
P3 2007 3,0
P3 2008 1,2
P3 2008 2,0
P3 2008 3,1
P3 2009 1,2
P3 2009 2,0
P3 2009 3,0
P3 2011 1,0
P3 2011 2,2
P3 2011 3,0
P3 2012 1,0
P3 2012 2,1
P3 2012 3,1
P3 2013 1,1
P3 2013 2,1
P3 2013 3,2
P3 2014 1,0
P3 2014 2,0
P3 2014 3,0
P3 2015 1,0
P3 2015 2,0
P4 2007 1,1
P4 2007 2,0
P4 2007 3,0
P4 2008 1,0
P4 2008 2,0
P4 2008 3,0
P4 2009 1,1
P4 2009 2,1
P4 2009 3,0
P5 2007 1,2
P5 2007 2,0
P5 2007 3,1
P5 2008 1,0
P5 2008 2,0
P5 2008 3,0
P5 2009 1,1
P5 2009 2,0
P5 2009 3,0
P6 2007 1,0
P6 2007 2,0
P6 2007 3,1
P6 2008 1,1
P6 2008 2,0
P6 2008 3,1
P6 2009 1,0
P6 2009 2,1
P6 2009 3,0
P7 2007 1,4
P7 2007 2,2
P7 2007 3,4
P7 2008 1,0
P7 2008 2,0
P7 2008 3,0
P7 2009 1,2
P7 2009 2,1
P7 2009 3,0
P8 2007 1,0
P8 2007 2,0
P8 2007 3,0
P8 2008 1,0
P8 2008 2,0
P8 2008 3,0
P8 2009 1,1
P8 2009 2,0
P8 2009 3,0
P9 2007 1,1
P9 2007 2,0
P9 2007 3,2
P9 2008 1,0
P9 2008 2,0
P9 2008 3,1
P9 2009 1,0
P9 2009 2,0
P9 2009 3,0
P9 2011 1,0
P9 2011 2,0
P9 2011 3,0
P9 2012 1,1
P9 2012 2,2
P9 2012 3,2
P9 2013 1,0
P9 2013 2,0
P9 2013 3,0
P9 2014 1,0
P9 2014 2,0
P9 2014 3,0
P9 2015 1,0
P9 2015 2,0
Q1 2007 1,1
Q1 2007 2,0
Q1 2007 3,1
Q1 2008 1,0
Q1 2008 2,0
Q1 2008 3,0
Q1 2009 1,0
Q1 2009 2,1
Q1 2009 3,1
Q1 2010 1,0
Q1 2010 2,1
Q1 2010 3,0
Q10 2007 1,1
Q10 2007 2,0
Q10 2007 3,1
Q10 2008 1,0
Q10 2008 2,0
Q10 2008 3,0
Q10 2009 1,0
Q10 2009 2,0
Q10 2009 3,0
Q10 2010 1,1
Q10 2010 2,1
Q10 2010 3,1
Q11 2007 1,1
Q11 2007 2,0
Q11 2007 3,1
Q11 2008 1,4
Q11 2008 2,0
Q11 2008 3,0
Q11 2009 1,2
Q11 2009 2,1
Q11 2009 3,1
Q11 2010 1,0
Q11 2010 2,0
Q11 2010 3,0
Q11 2011 1,0
Q11 2011 2,0
Q11 2012 1,1
Q11 2012 2,0
Q11 2012 3,1
Q11 2013 1,0
Q11 2013 2,0
Q11 2013 3,0
Q11 2014 1,0
Q11 2014 2,2
Q11 2014 3,0
Q11 2015 1,1
Q11 2015 2,0
Q12 2007 1,0
Q12 2007 2,0
Q12 2007 3,0
Q12 2008 1,0
Q12 2008 2,0
Q12 2008 3,0
Q12 2009 1,0
Q12 2009 2,0
Q12 2009 3,0
Q12 2010 1,0
Q12 2010 2,0
Q12 2010 3,0
Q12 2011 1,0
Q12 2011 2,0
Q12 2011 3,0
Q12 2012 1,0
Q12 2012 2,0
Q12 2012 3,0
Q12 2013 1,0
Q12 2013 2,0
Q12 2013 3,0
Q12 2014 1,1
Q12 2014 2,1
Q12 2014 3,0
Q12 2015 1,0
Q12 2015 2,0
Q13 2007 1,0
Q13 2007 2,0
Q13 2007 3,0
Q13 2008 1,0
Q13 2008 2,1
Q13 2008 3,0
Q13 2009 1,0
Q13 2009 2,0
Q13 2009 3,0
Q13 2010 1,0
Q13 2010 2,0
Q13 2010 3,0
Q14 2007 1,0
Q14 2007 2,0
Q14 2007 3,0
Q14 2008 1,0
Q14 2008 2,0
Q14 2008 3,1
Q14 2009 1,0
Q14 2009 2,0
Q14 2009 3,0
Q14 2010 1,1
Q14 2010 2,0
Q14 2010 3,0
Q15 2007 1,1
Q15 2007 2,0
Q15 2007 3,1
Q15 2008 1,1
Q15 2008 2,1
Q15 2008 3,0
Q15 2009 1,0
Q15 2009 2,0
Q15 2009 3,0
Q15 2010 1,0
Q15 2010 2,0
Q15 2010 3,0
Q15 2011 1,2
Q15 2011 2,0
Q15 2011 3,0
Q15 2012 1,0
Q15 2012 2,0
Q15 2012 3,0
Q15 2013 1,0
Q15 2013 2,0
Q15 2013 3,0
Q15 2014 1,0
Q15 2014 2,0
Q15 2014 3,0
Q15 2015 1,0
Q15 2015 2,1
Q16 2007 1,0
Q16 2007 2,0
Q16 2007 3,0
Q16 2008 1,0
Q16 2008 2,0
Q16 2008 3,0
Q16 2009 1,0
Q16 2009 2,0
Q16 2009 3,0
Q16 2010 1,0
Q16 2010 2,0
Q16 2010 3,0
Q17 2007 1,0
Q17 2007 2,0
Q17 2007 3,0
Q17 2008 1,0
Q17 2008 2,0
Q17 2008 3,0
Q17 2009 1,0
Q17 2009 2,0
Q17 2009 3,0
Q17 2010 1,0
Q17 2010 2,0
Q17 2010 3,0
Q18 2007 1,0
Q18 2007 2,0
Q18 2007 3,0
Q18 2008 1,0
Q18 2008 2,0
Q18 2008 3,0
Q18 2009 1,0
Q18 2009 2,0
Q18 2009 3,0
Q18 2010 1,0
Q18 2010 2,0
Q18 2010 3,0
Q19 2007 1,0
Q19 2007 2,0
Q19 2007 3,0
Q19 2008 1,0
Q19 2008 2,0
Q19 2008 3,0
Q19 2009 1,0
Q19 2009 2,0
Q19 2009 3,0
Q19 2010 1,0
Q19 2010 2,0
Q19 2010 3,0
Q19 2011 1,1
Q19 2011 2,1
Q19 2011 3,0
Q19 2012 1,0
Q19 2012 2,0
Q19 2012 3,0
Q19 2013 1,0
Q19 2013 2,0
Q19 2013 3,0
Q19 2014 1,0
Q19 2014 2,0
Q19 2014 3,0
Q19 2015 1,0
Q19 2015 2,0
Q2 2007 1,0
Q2 2007 2,0
Q2 2007 3,0
Q2 2008 1,0
Q2 2008 2,0
Q2 2008 3,0
Q2 2009 1,0
Q2 2009 2,0
Q2 2009 3,0
Q2 2010 1,0
Q2 2010 2,0
Q2 2010 3,0
Q2 2011 1,0
Q2 2011 2,0
Q2 2011 3,0
Q2 2012 1,0
Q2 2012 2,0
Q2 2013 1,0
Q2 2013 2,0
Q2 2013 3,0
Q2 2014 1,0
Q2 2014 2,0
Q2 2014 3,0
Q2 2015 1,0
Q2 2015 2,0
Q20 2007 1,0
Q20 2007 2,0
Q20 2007 3,0
Q20 2008 1,0
Q20 2008 2,0
Q20 2008 3,0
Q20 2009 1,0
Q20 2009 2,0
Q20 2009 3,0
Q20 2010 1,0
Q21 2007 1,1
Q21 2007 2,0
Q21 2007 3,0
Q21 2008 1,0
Q21 2008 2,0
Q21 2008 3,0
Q21 2009 1,0
Q21 2009 2,0
Q21 2009 3,0
Q22 2007 1,3
Q22 2007 2,1
Q22 2007 3,2
Q22 2008 1,3
Q22 2008 2,0
Q22 2008 3,1
Q22 2009 1,0
Q22 2009 2,0
Q22 2009 3,0
Q23 2007 1,3
Q23 2007 2,0
Q23 2007 3,3
Q23 2008 1,3
Q23 2008 2,2
Q23 2008 3,1
Q23 2009 1,0
Q23 2009 2,0
Q23 2009 3,0
Q23 2010 1,2
Q23 2010 2,0
Q23 2010 3,0
Q23 2011 1,1
Q23 2011 2,0
Q23 2011 3,0
Q23 2012 1,1
Q23 2012 2,1
Q23 2012 3,1
Q23 2013 1,0
Q23 2013 2,0
Q23 2013 3,0
Q23 2014 1,2
Q23 2014 2,0
Q23 2014 3,1
Q23 2015 1,0
Q23 2015 2,0
Q24 2007 1,0
Q24 2007 2,1
Q24 2007 3,1
Q24 2008 1,2
Q24 2008 2,0
Q24 2008 3,1
Q24 2009 1,0
Q24 2009 2,1
Q24 2009 3,0
Q24 2010 1,0
Q24 2010 2,0
Q24 2010 3,0
Q25 2007 1,0
Q25 2007 2,0
Q25 2007 3,0
Q25 2008 1,0
Q25 2008 2,0
Q25 2008 3,0
Q25 2009 1,0
Q25 2009 2,0
Q25 2009 3,0
Q3 2007 1,0
Q3 2007 2,0
Q3 2007 3,0
Q3 2008 1,1
Q3 2008 2,2
Q3 2008 3,1
Q3 2009 1,0
Q3 2009 2,0
Q3 2009 3,0
Q3 2010 1,0
Q3 2010 2,0
Q3 2010 3,0
Q4 2007 1,0
Q4 2007 2,0
Q4 2007 3,1
Q4 2008 1,1
Q4 2008 2,0
Q4 2008 3,0
Q4 2009 1,0
Q4 2009 2,0
Q4 2009 3,0
Q4 2010 1,0
Q4 2010 2,0
Q4 2010 3,0
Q4 2011 1,0
Q4 2011 2,0
Q4 2011 3,0
Q4 2012 1,0
Q4 2012 2,0
Q4 2012 3,0
Q4 2013 1,1
Q4 2013 2,1
Q4 2013 3,1
Q4 2014 1,0
Q4 2014 2,0
Q4 2014 3,0
Q4 2015 1,1
Q4 2015 2,2
Q5 2007 1,2
Q5 2007 2,1
Q5 2007 3,3
Q5 2008 1,0
Q5 2008 2,1
Q5 2008 3,1
Q5 2009 1,2
Q5 2009 2,0
Q5 2009 3,0
Q5 2010 1,0
Q5 2010 2,0
Q5 2010 3,0
Q5 2011 1,0
Q5 2011 2,0
Q5 2011 3,0
Q5 2012 1,0
Q5 2012 2,0
Q5 2012 3,2
Q5 2013 1,1
Q5 2013 2,2
Q5 2013 3,0
Q5 2014 1,0
Q5 2014 2,0
Q5 2014 3,0
Q5 2015 1,0
Q5 2015 2,1
Q6 2007 1,0
Q6 2007 2,0
Q6 2007 3,2
Q6 2008 1,0
Q6 2008 2,1
Q6 2008 3,1
Q6 2009 1,0
Q6 2009 2,0
Q6 2009 3,1
Q6 2010 1,1
Q6 2010 2,1
Q6 2010 3,1
Q7 2007 1,0
Q7 2007 2,0
Q7 2007 3,0
Q7 2008 1,0
Q7 2008 2,0
Q7 2008 3,0
Q7 2009 1,0
Q7 2009 2,0
Q7 2009 3,0
Q7 2010 1,0
Q7 2010 2,0
Q7 2010 3,0
Q7 2011 1,0
Q7 2011 2,0
Q7 2012 1,0
Q7 2012 2,0
Q7 2012 3,0
Q7 2013 1,0
Q7 2013 2,0
Q7 2013 3,0
Q7 2014 1,0
Q7 2014 2,0
Q7 2014 3,0
Q7 2015 1,0
Q7 2015 2,0
Q8 2007 1,2
Q8 2007 2,0
Q8 2007 3,0
Q8 2008 1,0
Q8 2008 2,0
Q8 2008 3,0
Q8 2009 1,0
Q8 2009 2,0
Q8 2009 3,0
Q8 2010 1,0
Q8 2010 2,0
Q8 2010 3,0
Q9 2007 1,2
Q9 2007 2,0
Q9 2007 3,2
Q9 2008 1,0
Q9 2008 2,0
Q9 2008 3,0
Q9 2009 1,1
Q9 2009 2,2
Q9 2009 3,1
Q9 2010 1,1
Q9 2010 2,0
Q9 2010 3,1
R1 2006 1,2
R1 2006 2,1
R1 2006 3,0
R1 2006 4,1
R1 2006 5,1
R1 2007 1,1
R1 2007 2,0
R1 2007 3,1
R1 2008 1,4
R1 2008 2,2
R1 2008 3,2
R1 2009 1,0
R1 2009 2,0
R1 2009 3,0
R1 2011 1,2
R1 2011 2,0
R1 2011 3,0
R1 2012 1,1
R1 2012 2,1
R1 2012 3,0
R1 2013 1,1
R1 2013 2,0
R1 2013 3,0
R1 2014 1,0
R1 2014 2,0
R1 2014 3,0
R1 2015 1,3
R1 2015 2,3
R1 2015 3,3
R10 2006 1,0
R10 2006 2,1
R10 2006 3,0
R10 2006 4,0
R10 2006 5,1
R10 2007 1,2
R10 2007 2,0
R10 2007 3,1
R10 2008 1,0
R10 2008 2,0
R10 2008 3,0
R10 2009 1,0
R10 2009 2,0
R10 2009 3,0
R11 2006 1,1
R11 2006 2,0
R11 2006 3,1
R11 2006 4,0
R11 2006 5,0
R11 2007 1,0
R11 2007 2,0
R11 2007 3,0
R11 2008 1,1
R11 2008 2,0
R11 2008 3,0
R11 2009 1,0
R11 2009 2,0
R11 2009 3,0
R12 2006 1,1
R12 2006 2,0
R12 2006 3,0
R12 2006 4,0
R12 2006 5,0
R12 2007 1,1
R12 2007 2,0
R12 2007 3,1
R12 2008 1,0
R12 2008 2,1
R12 2008 3,1
R12 2009 1,2
R12 2009 2,1
R12 2009 3,2
R12 2011 1,2
R12 2011 2,2
R12 2011 3,2
R12 2012 1,2
R12 2012 2,0
R12 2012 3,0
R12 2013 1,2
R12 2013 2,0
R12 2013 3,0
R12 2014 1,0
R12 2014 2,0
R12 2014 3,0
R12 2015 1,2
R12 2015 2,0
R12 2015 3,2
R13 2006 1,0
R13 2006 2,1
R13 2006 3,0
R13 2006 4,0
R13 2006 5,0
R13 2007 1,1
R13 2007 2,0
R13 2007 3,1
R13 2008 1,0
R13 2008 2,0
R13 2008 3,0
R13 2009 1,2
R13 2009 2,1
R13 2009 3,0
R14 2006 1,0
R14 2006 2,0
R14 2006 3,0
R14 2006 4,0
R14 2006 5,0
R14 2007 1,0
R14 2007 2,0
R14 2007 3,0
R14 2008 1,0
R14 2008 2,0
R14 2008 3,0
R14 2009 1,0
R14 2009 2,0
R14 2009 3,0
R14 2011 1,0
R14 2011 2,0
R14 2011 3,1
R14 2012 1,2
R14 2012 2,0
R14 2012 3,0
R14 2013 1,0
R14 2013 2,0
R14 2013 3,0
R14 2014 1,0
R14 2014 2,0
R14 2014 3,0
R14 2015 1,0
R14 2015 2,0
R14 2015 3,0
R15 2006 1,0
R15 2006 2,0
R15 2006 3,0
R15 2006 4,0
R15 2006 5,0
R15 2007 1,1
R15 2007 2,0
R15 2007 3,1
R15 2008 1,0
R15 2008 2,0
R15 2008 3,0
R15 2009 1,0
R15 2009 2,0
R15 2009 3,0
R16 2006 1,0
R16 2006 2,2
R16 2006 3,1
R16 2006 4,1
R16 2006 5,2
R16 2007 1,1
R16 2007 2,1
R16 2007 3,0
R16 2008 1,0
R16 2008 2,0
R16 2008 3,0
R16 2009 1,0
R16 2009 2,0
R16 2009 3,0
R16 2011 1,1
R16 2011 2,1
R16 2011 3,1
R16 2012 1,2
R16 2012 2,1
R16 2012 3,0
R16 2013 1,0
R16 2013 2,0
R16 2013 3,1
R16 2014 1,1
R16 2014 2,0
R16 2014 3,0
R16 2015 1,2
R16 2015 2,0
R16 2015 3,0
R17 2006 1,2
R17 2006 2,0
R17 2006 3,1
R17 2006 4,0
R17 2006 5,2
R17 2007 1,0
R17 2007 2,2
R17 2007 3,0
R17 2008 1,1
R17 2008 2,1
R17 2008 3,1
R17 2009 1,0
R17 2009 2,0
R17 2009 3,0
R18 2007 1,2
R18 2007 2,1
R18 2007 3,2
R18 2008 1,2
R18 2008 2,2
R18 2008 3,1
R18 2009 1,2
R18 2009 2,1
R18 2009 3,0
R18 2011 1,0
R18 2011 2,0
R18 2011 3,1
R18 2012 1,3
R18 2012 2,1
R18 2012 3,1
R18 2013 1,1
R18 2013 2,0
R18 2013 3,0
R18 2014 1,2
R18 2014 2,2
R18 2014 3,0
R18 2015 1,0
R18 2015 2,0
R18 2015 3,1
R19 2006 1,2
R19 2006 2,1
R19 2006 3,2
R19 2006 4,1
R19 2006 5,1
R19 2007 1,2
R19 2007 2,1
R19 2007 3,1
R19 2008 1,2
R19 2008 2,4
R19 2008 3,1
R19 2009 1,4
R19 2009 2,0
R19 2009 3,1
R2 2006 1,0
R2 2006 2,1
R2 2006 3,0
R2 2006 4,0
R2 2006 5,0
R2 2007 1,0
R2 2007 2,0
R2 2007 3,1
R2 2008 1,0
R2 2008 2,0
R2 2008 3,0
R2 2009 1,2
R2 2009 2,1
R2 2009 3,0
R20 2006 1,1
R20 2006 2,0
R20 2006 3,0
R20 2006 4,1
R20 2006 5,1
R20 2007 1,0
R20 2007 2,1
R20 2007 3,0
R20 2008 1,1
R20 2008 3,0
R20 2009 1,3
R20 2009 2,3
R20 2009 3,0
R20 2011 1,0
R20 2011 2,0
R20 2011 3,1
R20 2012 1,0
R20 2012 2,1
R20 2012 3,1
R20 2013 1,1
R20 2013 2,0
R20 2013 3,2
R20 2014 1,0
R20 2014 2,0
R20 2014 3,0
R20 2015 1,0
R20 2015 2,0
R20 2015 3,0
R21 2006 1,0
R21 2006 2,1
R21 2006 3,0
R21 2006 4,0
R21 2006 5,0
R21 2007 1,1
R21 2007 2,1
R21 2007 3,1
R21 2008 1,1
R21 2008 2,2
R21 2008 3,1
R21 2009 1,1
R21 2009 2,2
R21 2009 3,0
R22 2006 1,0
R22 2006 2,0
R22 2006 3,0
R22 2006 4,0
R22 2006 5,0
R22 2007 1,0
R22 2007 2,0
R22 2007 3,1
R22 2008 1,0
R22 2008 2,1
R22 2008 3,1
R22 2009 1,0
R22 2009 2,0
R22 2009 3,0
R22 2013 1,1
R23 2006 1,0
R23 2006 2,1
R23 2006 3,1
R23 2006 4,1
R23 2006 5,0
R23 2007 1,0
R23 2007 2,0
R23 2007 3,0
R23 2008 1,1
R23 2008 2,2
R23 2008 3,0
R23 2009 1,1
R23 2009 2,0
R23 2009 3,0
R24 2006 1,1
R24 2006 2,1
R24 2006 3,0
R24 2006 4,3
R24 2006 5,0
R24 2007 1,0
R24 2007 2,0
R24 2007 3,0
R24 2008 1,0
R24 2008 2,1
R24 2008 3,1
R24 2009 1,1
R24 2009 2,1
R24 2009 3,0
R25 2006 1,1
R25 2006 2,0
R25 2006 3,0
R25 2006 4,1
R25 2006 5,0
R25 2007 1,0
R25 2007 2,1
R25 2007 3,1
R25 2008 1,0
R25 2008 2,0
R25 2008 3,0
R25 2009 1,0
R25 2009 2,1
R25 2009 3,0
R25 2011 1,0
R25 2011 2,0
R25 2012 1,0
R25 2012 2,0
R25 2013 1,0
R25 2013 2,0
R25 2014 1,0
R25 2014 2,0
R25 2015 1,1
R25 2015 2,1
R25 2015 3,0
R26 2006 1,1
R26 2006 2,0
R26 2006 3,0
R26 2006 4,0
R26 2006 5,1
R26 2007 1,0
R26 2007 2,0
R26 2007 3,1
R26 2008 1,0
R26 2008 2,0
R26 2008 3,0
R26 2009 1,0
R26 2009 2,3
R26 2009 3,0
R27 2006 1,0
R27 2006 2,0
R27 2006 3,0
R27 2006 4,0
R27 2006 5,0
R27 2007 1,0
R27 2007 2,1
R27 2007 3,0
R27 2008 1,0
R27 2008 2,0
R27 2008 3,0
R27 2009 1,1
R27 2009 2,0
R3 2006 1,0
R3 2006 2,0
R3 2006 3,0
R3 2006 4,0
R3 2006 5,1
R3 2007 1,0
R3 2007 2,0
R3 2007 3,2
R3 2008 1,1
R3 2008 2,1
R3 2008 3,1
R3 2009 1,0
R3 2009 2,0
R3 2009 3,0
R3 2011 1,0
R3 2011 2,0
R3 2011 3,2
R3 2012 1,0
R3 2012 2,0
R3 2012 3,1
R3 2013 1,1
R3 2013 2,0
R3 2013 3,1
R3 2014 1,0
R3 2014 2,0
R3 2014 3,0
R3 2015 1,0
R3 2015 2,0
R3 2015 3,1
R4 2006 1,0
R4 2006 2,0
R4 2006 3,0
R4 2006 4,0
R4 2006 5,1
R4 2007 1,1
R4 2007 2,1
R4 2007 3,0
R4 2008 1,1
R4 2008 2,0
R4 2008 3,2
R4 2009 1,0
R4 2009 2,0
R4 2009 3,0
R5 2006 1,0
R5 2006 2,0
R5 2006 3,0
R5 2006 4,0
R5 2006 5,0
R5 2007 1,0
R5 2007 2,0
R5 2007 3,1
R5 2008 1,0
R5 2008 2,0
R5 2008 3,0
R5 2009 1,0
R5 2009 2,0
R5 2009 3,0
R5 2011 1,2
R5 2011 2,3
R5 2011 3,4
R5 2012 1,0
R5 2012 2,0
R5 2012 3,0
R5 2013 1,0
R5 2013 2,1
R5 2013 3,1
R5 2014 1,0
R5 2014 3,0
R5 2015 1,0
R5 2015 2,1
R5 2015 3,1
R6 2006 1,0
R6 2006 2,1
R6 2006 3,0
R6 2006 4,0
R6 2006 5,1
R6 2007 1,0
R6 2007 2,1
R6 2007 3,1
R6 2008 1,0
R6 2008 2,0
R6 2008 3,0
R6 2009 1,1
R6 2009 2,0
R6 2009 3,1
R6 2011 1,0
R6 2011 2,0
R6 2011 3,0
R6 2012 1,0
R6 2012 2,0
R6 2012 3,0
R6 2013 1,0
R6 2013 2,0
R6 2013 3,1
R6 2014 1,0
R6 2014 2,0
R6 2014 3,0
R6 2015 1,0
R6 2015 2,1
R6 2015 3,0
R7 2006 1,0
R7 2006 2,0
R7 2006 3,0
R7 2006 4,0
R7 2006 5,0
R7 2007 1,0
R7 2007 2,0
R7 2007 3,1
R7 2008 1,0
R7 2008 2,0
R7 2008 3,0
R7 2009 1,1
R7 2009 2,1
R7 2009 3,0
R8 2006 1,0
R8 2006 2,0
R8 2006 3,0
R8 2006 4,0
R8 2006 5,0
R8 2007 1,0
R8 2007 2,0
R8 2007 3,0
R8 2008 1,0
R8 2008 2,0
R8 2008 3,0
R8 2009 1,3
R8 2009 2,0
R8 2009 3,0
R8 2011 1,1
R8 2011 2,1
R8 2011 3,1
R8 2012 1,0
R8 2012 2,0
R8 2012 3,0
R8 2013 1,1
R8 2013 2,0
R8 2013 3,1
R8 2014 1,0
R8 2014 2,0
R8 2014 3,0
R8 2015 1,0
R8 2015 2,1
R8 2015 3,0
R9 2006 1,0
R9 2006 2,1
R9 2006 3,0
R9 2006 4,1
R9 2006 5,0
R9 2007 1,1
R9 2007 2,1
R9 2007 3,1
R9 2008 1,0
R9 2008 2,0
R9 2008 3,0
R9 2009 1,1
R9 2009 2,1
R9 2009 3,0
