,Visit1_passive,Visit1_active,Visit2_passive,Visit2_active,Visit3_passive,Visit3_active,Visit4_passive,Visit4_active,Visit5_passive,Visit5_active,PID,shrub,PROX,AREA,grass,obs1.1,obs1.2,obs1.3,obs1.4,obs1.5,obs1.6,obs1.7,obs1.8,obs1.9,obs1.10,obs2.1,obs2.2,obs2.3,obs2.4,obs2.5,obs2.6,obs2.7,obs2.8,obs2.9,obs2.10,obs3.1,obs3.2,obs3.3,obs3.4,obs3.5,obs3.6,obs3.7,obs3.8,obs3.9,obs3.10,type1,type2,type3,type4,type5,type6,type7,type8,type9,type10,date1,date2,date3,date4,date5,date6,date7,date8,date9,date10,PC3,PC1,BA
1,0,0,0,0,0,0,NA,NA,NA,NA,1,2.166666667,81.976,117.99,0.666666667,0,0,0,0,0,0,NA,NA,NA,NA,0,0,0,0,0,0,NA,NA,NA,NA,0,0,1,1,1,1,NA,NA,NA,NA,0,1,0,1,0,1,NA,NA,NA,NA,84,84,50,50,93,93,NA,NA,NA,NA,0.079,-1.555886018,5.5
2,0,0,0,0,0,0,0,0,NA,NA,2,1.2,89.59,11.88,0.25,1,1,0,0,0,0,0,0,NA,NA,0,0,0,0,0,0,0,0,NA,NA,0,0,1,1,1,1,1,1,NA,NA,0,1,0,1,0,1,0,1,NA,NA,84,84,50,50,63,63,93,93,NA,NA,0.074,-1.592478578,0.875
3,0,0,0,0,0,0,0,0,NA,NA,3,1.925,7.8933,4.68,1,0,0,1,1,0,0,0,0,NA,NA,0,0,0,0,0,0,0,0,NA,NA,0,0,0,0,1,1,1,1,NA,NA,0,1,0,1,0,1,0,1,NA,NA,50,50,84,84,36,36,66,66,NA,NA,0.05748611,-1.746564765,1.625
4,0,0,0,0,0,0,0,0,NA,NA,4,1.35,13.0168,34.65,0.375,1,1,0,0,1,1,1,1,NA,NA,0,0,1,1,0,0,0,0,NA,NA,0,0,0,0,0,0,0,0,NA,NA,0,1,0,1,0,1,0,1,NA,NA,43,43,54,54,81,81,91,91,NA,NA,0.056662085,-1.202354714,0.75
5,0,0,0,0,0,0,0,0,NA,NA,4,0.9125,13.0168,34.65,0.2,1,1,0,0,0,0,1,1,NA,NA,0,0,1,1,1,1,0,0,NA,NA,0,0,0,0,0,0,0,0,NA,NA,0,1,0,1,0,1,0,1,NA,NA,43,43,54,54,81,81,91,91,NA,NA,0.059300385,-1.249477287,1.375
6,0,0,0,0,0,0,0,0,NA,NA,5,0.4,97.2546,0.09,0.65,0,0,0,0,0,0,1,1,NA,NA,0,0,1,1,1,1,0,0,NA,NA,0,0,0,0,0,0,0,0,NA,NA,0,1,0,1,0,1,0,1,NA,NA,43,43,54,54,81,81,91,91,NA,NA,0.062942407,-1.463703365,3.666666667
7,0,0,0,0,0,0,0,0,NA,NA,4,0.7,13.0168,34.65,0.15,1,1,0,0,0,0,1,1,NA,NA,0,0,1,1,1,1,0,0,NA,NA,0,0,0,0,0,0,0,0,NA,NA,0,1,0,1,0,1,0,1,NA,NA,43,43,54,54,81,81,91,91,NA,NA,0.061591307,-1.227116991,0.75
8,0,0,0,0,0,0,0,0,NA,NA,4,0.9,13.0168,34.65,0.95,0,0,0,0,1,1,1,1,NA,NA,0,0,1,1,0,0,0,0,NA,NA,0,0,0,0,0,0,0,0,NA,NA,0,1,0,1,0,1,0,1,NA,NA,43,43,54,54,81,81,91,91,NA,NA,0.06291479,-1.124716077,0
9,1,1,0,0,0,0,0,0,0,0,6,2.2,23.5069,34.2,0.82,0,0,0,0,1,1,0,0,0,0,0,0,0,0,0,0,0,0,0,0,0,0,0,0,0,0,0,0,1,1,0,1,0,1,0,1,0,1,0,1,5,5,11,11,29,29,53,53,73,73,0.193385593,-0.598426117,8.375
10,1,1,0,0,0,0,0,0,0,0,6,2.16,23.5069,34.2,0.92,1,1,0,0,0,0,0,0,0,0,0,0,0,0,0,0,0,0,0,0,0,0,0,0,0,0,0,0,1,1,0,1,0,1,0,1,0,1,0,1,11,11,29,29,51,51,53,53,73,73,0.194190847,-0.477165506,7.125
11,0,0,0,0,0,0,0,0,0,0,7,1.58,103.526,35.64,0.92,1,1,0,0,1,1,0,0,0,0,0,0,1,1,0,0,1,1,0,0,0,0,0,0,0,0,0,0,1,1,0,1,0,1,0,1,0,1,0,1,15,15,29,29,53,53,73,73,86,86,0.118852972,0.106084708,6.3
12,0,1,1,1,0,1,1,1,0,0,7,1.55,103.526,35.64,2.116666667,1,1,0,0,1,1,0,0,0,0,0,0,1,1,0,0,0,0,0,0,0,0,0,0,0,0,0,0,1,1,0,1,0,1,0,1,0,1,0,1,15,15,29,29,53,53,73,73,45,45,0.107087962,-0.472468549,5.166666667
13,0,0,0,1,0,0,0,1,1,1,8,0.78,108.4348,30.96,1.64,1,1,0,0,1,1,0,0,0,0,0,0,1,1,0,0,1,1,0,0,0,0,0,0,0,0,0,0,1,1,0,1,0,1,0,1,0,1,0,1,15,15,29,29,53,53,73,73,86,86,0.117702644,-0.975647782,4.7
14,1,1,1,1,0,1,1,1,1,1,7,1.74,103.526,35.64,1.92,1,1,0,0,1,1,0,0,0,0,0,0,1,1,0,0,0,0,0,0,0,0,0,0,0,0,0,0,1,1,0,1,0,1,0,1,0,1,0,1,15,15,29,29,53,53,73,73,86,86,0.110364613,-0.625247146,3.4
15,1,1,0,0,0,0,0,0,0,0,8,1.76,108.4348,30.96,1.2,1,1,0,0,1,1,0,0,0,0,0,0,1,1,0,0,1,1,0,0,0,0,0,0,0,0,0,0,1,1,0,1,0,1,0,1,0,1,0,1,15,15,29,29,53,53,73,73,86,86,0.139798583,-0.082851958,7.5
16,0,0,0,0,0,0,0,0,NA,NA,9,2.05,8.7683,21.78,1.525,1,1,0,0,1,1,1,1,NA,NA,0,0,0,0,0,0,0,0,NA,NA,0,0,0,0,0,0,0,0,NA,NA,0,1,0,1,0,1,0,1,NA,NA,11,11,29,29,64,64,77,77,NA,NA,0.080179559,-0.956906043,5.625
17,0,0,0,0,0,0,0,0,NA,NA,9,2.175,8.7683,21.78,1.575,1,1,0,0,1,1,1,1,NA,NA,0,0,0,0,0,0,0,0,NA,NA,0,0,0,0,0,0,0,0,NA,NA,0,1,0,1,0,1,0,1,NA,NA,11,11,29,29,64,64,77,77,NA,NA,0.084591023,-0.924872467,7.625
18,0,0,0,0,0,0,0,0,NA,NA,10,2.45,24.9732,33.66,0.4,0,0,1,1,0,0,1,1,NA,NA,0,0,0,0,1,1,0,0,NA,NA,0,0,0,0,0,0,0,0,NA,NA,0,1,0,1,0,1,0,1,NA,NA,17,17,29,29,56,56,77,77,NA,NA,0.087729349,-0.755194693,3.5
19,0,0,0,0,0,0,0,0,NA,NA,10,1.975,24.9732,33.66,0.075,1,1,0,0,1,1,0,0,NA,NA,0,0,0,0,0,0,0,0,NA,NA,0,0,0,0,0,0,1,1,NA,NA,0,1,0,1,0,1,0,1,NA,NA,29,29,56,56,77,77,17,17,NA,NA,0.090094427,-1.038163428,2.25
20,0,0,0,0,0,0,0,0,0,0,11,1.42,17.8843,8.55,2.54,1,1,0,0,0,0,0,0,0,0,0,0,0,0,1,1,0,0,1,1,0,0,0,0,0,0,1,1,0,0,0,1,0,1,0,1,0,1,0,1,11,11,29,29,53,53,86,86,73,73,0.183311911,-0.871351291,7.2
21,1,1,1,1,0,0,0,0,0,0,12,2.78,89.8033,131.22,0.2,1,1,0,0,0,0,0,0,0,0,0,0,0,0,1,1,0,0,0,0,0,0,0,0,0,0,0,0,1,1,0,1,0,1,0,1,0,1,0,1,10,10,32,32,71,71,87,87,44,44,0.151950599,-0.617695924,7
22,0,0,0,0,0,0,0,0,NA,NA,13,4.2,122.5399,152.64,0.2,1,1,0,0,0,0,1,1,NA,NA,0,0,0,0,1,1,0,0,NA,NA,0,0,0,0,0,0,0,0,NA,NA,0,1,0,1,0,1,0,1,NA,NA,21,21,32,32,71,71,87,87,NA,NA,0.212064957,0.733968781,4.75
23,1,1,0,1,1,1,1,1,0,0,13,2.24,122.5399,152.64,1.88,1,1,0,0,0,0,0,0,0,0,0,0,0,0,0,0,1,1,0,0,0,0,0,0,0,0,0,0,1,1,0,1,0,1,0,1,0,1,0,1,21,21,32,32,71,71,87,87,43,43,0.229429489,0.927960189,3.375
24,0,0,1,1,1,1,1,1,0,0,13,1.36,122.5399,152.64,2.78,1,1,0,0,0,0,0,0,0,0,0,0,1,1,0,0,1,1,0,0,0,0,0,0,0,0,0,0,1,1,0,1,0,1,0,1,0,1,0,1,10,10,32,32,71,71,87,87,43,43,0.238706196,1.024548896,5.1
25,0,0,1,1,0,0,1,1,1,1,13,0.38,122.5399,152.64,0.88,1,1,0,0,0,0,0,0,0,0,0,0,1,1,0,0,1,1,0,0,0,0,0,0,0,0,0,0,1,1,0,1,0,1,0,1,0,1,0,1,10,10,32,32,71,71,87,87,43,43,0.226197835,1.1783675,6.5
26,0,0,1,1,0,1,0,0,NA,NA,14,1.425,262.754,38.07,1.375,1,1,0,0,0,0,0,0,NA,NA,0,0,0,0,1,1,0,0,NA,NA,0,0,0,0,0,0,1,1,NA,NA,0,1,0,1,0,1,0,1,NA,NA,10,10,42,42,53,53,73,73,NA,NA,0.215970871,0.279332132,4.5
27,1,1,1,1,1,1,1,1,1,1,13,0.54,122.5399,152.64,2.32,1,1,0,0,0,0,0,0,0,0,0,0,1,1,0,0,1,1,0,0,0,0,0,0,0,0,0,0,1,1,0,1,0,1,0,1,0,1,0,1,21,21,32,32,71,71,87,87,43,43,0.225334445,1.397883581,5
28,0,0,1,1,0,1,0,1,NA,NA,15,1.225,342.495,179.28,2.55,1,1,0,0,0,0,0,0,NA,NA,0,0,0,0,0,0,0,0,NA,NA,0,0,0,0,1,1,1,1,NA,NA,0,1,0,1,0,1,0,1,NA,NA,31,31,51,51,11,11,79,79,NA,NA,0.204011865,-0.143318045,5.75
29,0,0,0,0,0,1,0,0,NA,NA,15,4.5,342.495,179.28,0.35,1,1,0,0,0,0,0,0,NA,NA,0,0,0,0,0,0,0,0,NA,NA,0,0,0,0,1,1,1,1,NA,NA,0,1,0,1,0,1,0,1,NA,NA,31,31,51,51,11,11,79,79,NA,NA,0.217899252,0.98982702,5.625
30,0,0,0,0,0,0,0,0,NA,NA,15,1.65,342.495,179.28,0.1,1,1,1,1,0,0,0,0,NA,NA,0,0,0,0,0,0,0,0,NA,NA,0,0,0,0,1,1,1,1,NA,NA,0,1,0,1,0,1,0,1,NA,NA,31,31,51,51,10,10,79,79,NA,NA,0.23396697,1.406483272,4.125
31,0,0,0,0,0,1,0,0,0,0,16,4.08,884.8243,18,0.38,1,1,0,0,1,1,0,0,0,0,0,0,0,0,0,0,0,0,0,0,0,0,0,0,0,0,1,1,1,1,0,1,0,1,0,1,0,1,0,1,32,32,51,51,93,93,10,10,79,79,0.256223383,0.679716358,6
32,0,0,0,0,0,0,1,1,0,0,15,3.96,342.495,179.28,1.12,1,1,0,0,1,1,0,0,0,0,0,0,0,0,0,0,0,0,0,0,0,0,0,0,0,0,1,1,1,1,0,1,0,1,0,1,0,1,0,1,31,31,46,46,93,93,10,10,74,74,0.220048938,0.600706305,4
33,0,0,0,0,0,1,0,0,0,1,15,1.08,342.495,179.28,0.82,1,1,0,0,0,0,0,0,0,0,0,0,1,1,0,0,0,0,0,0,0,0,0,0,0,0,1,1,1,1,0,1,0,1,0,1,0,1,0,1,32,32,37,37,46,46,10,10,74,74,0.235043748,1.952039554,6
34,0,1,1,1,1,1,0,0,NA,NA,15,0.95,342.495,179.28,0.9,1,1,0,0,1,1,0,0,NA,NA,0,0,0,0,0,0,0,0,NA,NA,0,0,0,0,0,0,1,1,NA,NA,0,1,0,1,0,1,0,1,NA,NA,14,14,46,46,93,93,74,74,NA,NA,0.278541583,1.800925196,5.75
35,0,1,1,1,1,1,0,1,NA,NA,15,1.125,342.495,179.28,3.3,1,1,1,1,0,0,0,0,NA,NA,0,0,0,0,0,0,0,0,NA,NA,0,0,0,0,1,1,1,1,NA,NA,0,1,0,1,0,1,0,1,NA,NA,31,31,51,51,11,11,79,79,NA,NA,0.193038232,-0.138416719,4.5
36,0,0,0,1,1,1,0,0,NA,NA,15,1.225,342.495,179.28,3.225,1,1,0,0,0,0,0,0,NA,NA,0,0,0,0,0,0,0,0,NA,NA,0,0,0,0,1,1,1,1,NA,NA,0,1,0,1,0,1,0,1,NA,NA,31,31,46,46,11,11,79,79,NA,NA,0.21264409,0.829555932,4.875
37,0,0,0,0,NA,NA,NA,NA,NA,NA,17,2.55,191.2579,113.67,0.9,0,0,1,1,NA,NA,NA,NA,NA,NA,0,0,0,0,NA,NA,NA,NA,NA,NA,0,0,0,0,NA,NA,NA,NA,NA,NA,0,1,0,1,NA,NA,NA,NA,NA,NA,51,51,80,80,NA,NA,NA,NA,NA,NA,0.27229551,0.632227091,5.5
38,0,0,0,0,1,1,0,0,NA,NA,17,2.575,191.2579,113.67,0.825,0,0,1,1,0,0,0,0,NA,NA,1,1,0,0,0,0,0,0,NA,NA,0,0,0,0,0,0,1,1,NA,NA,0,1,0,1,0,1,0,1,NA,NA,22,22,37,37,58,58,78,78,NA,NA,0.285618839,1.145769154,5.5
39,1,1,0,0,0,0,0,0,NA,NA,17,2.725,191.2579,113.67,0.55,0,0,1,1,0,0,0,0,NA,NA,0,0,0,0,0,0,0,0,NA,NA,0,0,0,0,0,0,1,1,NA,NA,0,1,0,1,0,1,0,1,NA,NA,22,22,37,37,58,58,78,78,NA,NA,0.312630125,1.419933234,8.625
40,0,1,0,1,0,0,0,0,NA,NA,17,1.875,191.2579,113.67,1.875,0,0,1,1,0,0,0,0,NA,NA,1,1,0,0,0,0,0,0,NA,NA,0,0,0,0,0,0,1,1,NA,NA,0,1,0,1,0,1,0,1,NA,NA,22,22,37,37,58,58,78,78,NA,NA,0.278253121,1.094145815,4.25
41,0,0,0,0,0,0,NA,NA,NA,NA,17,1.033333333,191.2579,113.67,1.533333333,1,1,1,1,0,0,NA,NA,NA,NA,0,0,0,0,0,0,NA,NA,NA,NA,0,0,0,0,1,1,NA,NA,NA,NA,0,1,0,1,0,1,NA,NA,NA,NA,51,51,80,80,10,10,NA,NA,NA,NA,0.254531349,0.730138061,9.5
42,0,0,0,0,0,0,0,0,NA,NA,18,3.275,145.5366,62.46,0.4,1,1,0,0,0,0,0,0,NA,NA,0,0,1,1,0,0,0,0,NA,NA,0,0,0,0,0,0,1,1,NA,NA,0,1,0,1,0,1,0,1,NA,NA,27,27,37,37,58,58,78,78,NA,NA,0.263360742,-0.212227042,9.125
43,0,0,0,0,0,0,0,0,NA,NA,18,3.3,145.5366,62.46,1,1,1,0,0,0,0,0,0,NA,NA,0,0,1,1,0,0,0,0,NA,NA,0,0,0,0,0,0,1,1,NA,NA,0,1,0,1,0,1,0,1,NA,NA,27,27,37,37,58,58,78,78,NA,NA,0.248710675,-0.399813096,9.75
44,0,0,0,0,0,0,0,0,NA,NA,19,1.675,182.4735,192.87,1,0,0,1,1,0,0,0,0,NA,NA,0,0,0,0,1,1,0,0,NA,NA,0,0,0,0,0,0,1,1,NA,NA,0,1,0,1,0,1,0,1,NA,NA,31,31,41,41,78,78,17,17,NA,NA,0.17844387,-0.270241281,8
45,0,0,0,0,0,0,1,1,NA,NA,19,1.25,182.4735,192.87,0.95,0,0,0,0,1,1,0,0,NA,NA,0,0,0,0,0,0,0,0,NA,NA,0,0,0,0,0,0,1,1,NA,NA,0,1,0,1,0,1,0,1,NA,NA,30,30,41,41,78,78,17,17,NA,NA,0.198802427,2.207407956,5.375
46,1,1,0,0,0,0,0,0,0,0,19,0.9,182.4735,192.87,0.716666667,0,0,0,0,0,0,1,1,0,0,0,0,1,1,1,1,0,0,1,1,0,0,0,0,0,0,0,0,0,0,0,1,0,1,0,1,0,1,0,1,16,16,31,31,59,59,59,59,78,78,0.203387027,2.037699043,7.166666667
47,1,0,0,1,1,1,1,1,0,0,19,1.36,182.4735,192.87,0.88,0,0,0,0,0,0,0,0,0,0,0,0,1,1,1,1,1,1,0,0,0,0,0,0,0,0,0,0,1,1,0,1,0,1,0,1,0,1,0,1,16,16,31,31,59,59,78,78,42,42,0.209707792,2.263982534,5.9
48,0,0,0,1,1,1,0,1,1,0,19,0.48,182.4735,192.87,1.4,0,0,0,0,0,0,0,0,0,0,0,0,0,0,1,1,1,1,0,0,0,0,0,0,0,0,0,0,1,1,0,1,0,1,0,1,0,1,0,1,31,31,41,41,59,59,78,78,17,17,0.196877889,1.785979065,5.6
49,1,1,0,0,0,1,0,0,0,1,19,0.64,182.4735,192.87,1.86,0,0,0,0,1,1,1,1,0,0,0,0,1,1,0,0,0,0,0,0,0,0,0,0,0,0,0,0,1,1,0,1,0,1,0,1,0,1,NA,NA,16,16,31,31,59,59,78,78,NA,NA,0.206041302,1.811556368,5.3
50,1,1,0,1,0,0,1,1,0,0,19,1.033333333,182.4735,192.87,1.333333333,0,0,0,0,1,1,1,1,1,1,1,1,0,0,0,0,0,0,0,0,0,0,0,0,0,0,0,0,0,0,0,1,0,1,0,1,0,1,0,1,31,31,31,31,41,41,59,59,78,78,0.195623038,2.65597389,5.666666667
51,1,1,0,1,0,0,1,1,1,1,20,0.92,177.0758,118.17,2.24,0,0,1,1,1,1,0,0,0,0,0,0,0,0,0,0,1,1,0,0,0,0,0,0,0,0,0,0,1,1,0,1,0,1,0,1,0,1,0,1,30,30,42,42,58,58,80,80,16,16,0.271053416,1.297489586,5.9
52,0,1,0,1,1,0,0,1,1,1,20,0.28,177.0758,118.17,1.44,0,0,0,0,0,0,0,0,0,0,1,1,1,1,1,1,1,1,0,0,0,0,0,0,0,0,0,0,1,1,0,1,0,1,0,1,0,1,0,1,30,30,42,42,58,58,80,80,16,16,0.251560039,1.789466126,5.6
53,1,1,0,0,0,0,0,0,0,1,20,0.92,177.0758,118.17,0.76,0,0,0,0,1,1,0,0,0,0,0,0,1,1,0,0,1,1,0,0,0,0,0,0,0,0,0,0,0,0,0,1,0,1,0,1,0,1,0,1,15,15,30,30,42,42,58,58,78,78,0.22413143,2.24927205,5.5
54,0,0,0,0,0,0,0,0,0,0,20,0.28,177.0758,118.17,1.42,0,0,0,0,1,1,0,0,0,0,0,0,1,1,0,0,1,1,0,0,0,0,0,0,0,0,0,0,0,0,0,1,0,1,0,1,0,1,0,1,15,15,30,30,42,42,58,58,78,78,0.224258565,1.91580399,6.7
55,1,1,1,1,1,1,1,1,1,1,20,0.74,177.0758,118.17,1.3,0,0,0,0,1,1,0,0,0,0,0,0,1,1,0,0,1,1,0,0,0,0,0,0,0,0,0,0,1,1,0,1,0,1,0,1,0,1,0,1,30,30,42,42,58,58,80,80,16,16,0.247948509,1.286686135,5.6
56,1,1,0,1,0,0,0,1,0,0,21,1.22,319.1056,31.77,0.56,0,0,0,0,1,1,0,0,0,0,0,0,1,1,0,0,1,1,0,0,0,0,0,0,0,0,0,0,1,1,0,1,0,1,0,1,0,1,0,1,30,30,42,42,58,58,81,81,16,16,0.223568849,1.728005014,8.8
57,0,0,0,0,0,1,1,1,1,1,22,0.88,606.9243,77.13,1.68,1,1,0,0,1,1,0,0,0,0,0,0,0,0,0,0,0,0,0,0,0,0,0,0,0,0,0,0,1,1,0,1,0,1,0,1,0,1,0,1,32,32,42,42,46,46,78,78,15,15,0.29743632,0.283887686,3.7
58,1,1,0,0,0,0,0,0,NA,NA,15,0.95,342.495,179.28,0.5,1,1,1,1,0,0,0,0,NA,NA,0,0,0,0,0,0,0,0,NA,NA,0,0,0,0,1,1,1,1,NA,NA,0,1,0,1,0,1,0,1,NA,NA,32,32,46,46,10,10,74,74,NA,NA,0.239483999,1.46724167,7.125
59,0,0,0,0,0,0,0,0,NA,NA,23,1.9,25.0378,18,1.425,1,1,0,0,1,1,0,0,NA,NA,0,0,1,1,0,0,0,0,NA,NA,0,0,0,0,0,0,1,1,NA,NA,0,1,0,1,0,1,0,1,NA,NA,37,37,56,56,77,77,17,17,NA,NA,0.145350255,-0.025715484,5.5
60,0,0,0,0,0,0,0,0,NA,NA,23,1.825,25.0378,18,0.575,0,0,1,1,0,0,1,1,NA,NA,0,0,0,0,1,1,0,0,NA,NA,0,0,0,0,0,0,0,0,NA,NA,0,1,0,1,0,1,0,1,NA,NA,17,17,37,37,56,56,77,77,NA,NA,0.14826167,0.055625552,4.625
61,0,0,0,0,0,0,0,0,NA,NA,24,2.625,99.543,15.93,1.975,0,0,0,0,0,0,0,0,NA,NA,0,0,1,1,1,1,1,1,NA,NA,0,0,0,0,0,0,0,0,NA,NA,0,1,0,1,0,1,0,1,NA,NA,21,21,37,37,56,56,77,77,NA,NA,0.143876845,0.138793572,4.625
62,0,0,0,0,0,0,0,0,NA,NA,25,4.575,16.8783,64.71,0,0,0,1,1,0,0,0,0,NA,NA,1,1,0,0,0,0,0,0,NA,NA,0,0,0,0,1,1,1,1,NA,NA,0,1,0,1,0,1,NA,NA,NA,NA,35,35,92,92,14,14,NA,NA,NA,NA,0.159986393,-0.111581116,6.375
63,0,1,0,0,1,0,0,0,0,0,25,2.74,16.8783,64.71,0.62,1,1,0,0,1,1,0,0,0,0,0,0,1,1,0,0,0,0,0,0,0,0,0,0,0,0,1,1,1,1,0,1,0,1,0,1,0,1,0,1,14,14,35,35,92,92,57,57,72,72,0.177584134,-0.185714497,4.8
64,0,0,0,0,0,0,0,0,0,0,25,3.46,16.8783,64.71,0.64,1,1,0,0,1,1,0,0,0,0,0,0,1,1,0,0,0,0,0,0,0,0,0,0,0,0,1,1,1,1,0,1,0,1,0,1,0,1,0,1,13,13,35,35,92,92,57,57,72,72,0.170433968,-0.151022069,6.8
65,0,0,0,0,0,0,NA,NA,NA,NA,26,3.533333333,39.9297,30.69,0.6,1,1,0,0,0,0,NA,NA,NA,NA,0,0,1,1,0,0,NA,NA,NA,NA,0,0,0,0,0,0,NA,NA,NA,NA,0,1,0,1,0,1,NA,NA,NA,NA,13,13,35,35,66,66,NA,NA,NA,NA,0.094951716,-0.381683769,3.333333333
66,0,0,0,0,0,0,NA,NA,NA,NA,27,3.766666667,219.7785,51.84,0.533333333,1,1,0,0,0,0,NA,NA,NA,NA,0,0,0,0,0,0,NA,NA,NA,NA,0,0,1,1,1,1,NA,NA,NA,NA,0,1,0,1,0,1,NA,NA,NA,NA,28,28,56,56,72,72,NA,NA,NA,NA,0.160796532,0.100211236,5.333333333
67,0,0,0,0,0,0,0,0,0,0,28,3.7,58.3142,43.65,1.26,1,1,1,1,0,0,0,0,0,0,0,0,0,0,0,0,0,0,0,0,0,0,0,0,1,1,1,1,1,1,0,1,0,1,0,1,0,1,0,1,35,35,92,92,14,14,56,56,72,72,0.136728372,-0.27240403,4.4
68,0,0,0,1,0,0,0,0,0,0,27,3.1,219.7785,51.84,0.6,1,1,1,1,1,1,0,0,0,0,0,0,0,0,0,0,0,0,0,0,0,0,0,0,0,0,1,1,1,1,0,1,0,1,0,1,0,1,0,1,13,13,35,35,92,92,57,57,72,72,0.171325599,0.153528125,6.8
69,0,0,0,0,0,0,0,0,NA,NA,29,6.025,47.9954,45.27,0.325,1,1,0,0,0,0,0,0,NA,NA,0,0,0,0,0,0,0,0,NA,NA,0,0,0,0,1,1,1,1,NA,NA,0,1,0,1,0,1,0,1,NA,NA,35,35,66,66,56,56,14,14,NA,NA,0.129376257,-0.311704312,7
70,0,0,0,0,0,0,0,0,NA,NA,29,4.5,47.9954,45.27,0.775,1,1,0,0,0,0,0,0,NA,NA,0,0,1,1,0,0,0,0,NA,NA,0,0,0,0,0,0,1,1,NA,NA,0,1,0,1,0,1,0,1,NA,NA,13,13,35,35,66,66,56,56,NA,NA,0.097887097,-0.119671475,5
71,0,0,0,0,0,0,0,0,0,0,30,1.92,48.0526,89.73,0.94,1,1,1,1,0,0,0,0,0,0,0,0,0,0,0,0,1,1,0,0,0,0,0,0,0,0,0,0,1,1,0,1,0,1,0,1,0,1,0,1,23,23,47,47,60,60,79,79,9,9,0.165026109,-0.534497495,5
72,0,1,0,1,0,1,0,0,0,0,30,3.66,48.0526,89.73,1.12,0,0,1,1,0,0,0,0,0,0,1,1,0,0,0,0,1,1,0,0,0,0,0,0,0,0,0,0,1,1,0,1,0,1,0,1,0,1,0,1,23,23,47,47,60,60,79,79,9,9,0.177945981,0.08484065,2.875
73,0,0,1,1,0,1,0,1,0,0,30,2.1,48.0526,89.73,1.14,1,1,1,1,0,0,0,0,0,0,0,0,0,0,0,0,1,1,0,0,0,0,0,0,0,0,0,0,1,1,0,1,0,1,0,1,0,1,0,1,22,22,47,47,60,60,79,79,9,9,0.175098729,-0.147527333,6.7
74,0,0,0,0,0,1,0,0,0,1,30,3.72,48.0526,89.73,0.54,1,1,1,1,0,0,0,0,0,0,0,0,0,0,0,0,1,1,0,0,0,0,0,0,0,0,0,0,1,1,0,1,0,1,0,1,0,1,0,1,22,22,47,47,60,60,79,79,9,9,0.183232669,-0.464874376,5.7
75,0,0,0,0,0,0,0,0,0,0,31,0.6,71.9704,128.16,0.1,0,0,1,1,0,0,1,1,0,0,0,0,0,0,1,1,0,0,0,0,0,0,0,0,0,0,0,0,1,1,0,1,0,1,0,1,0,1,0,1,8,8,22,22,60,60,79,79,42,42,0.165937344,-0.49723766,8.1
76,0,0,0,0,0,0,0,0,NA,NA,31,1.55,71.9704,128.16,0.05,1,1,0,0,1,1,0,0,NA,NA,0,0,1,1,0,0,0,0,NA,NA,0,0,0,0,0,0,1,1,NA,NA,0,1,0,1,0,1,0,1,NA,NA,8,8,60,60,79,79,42,42,NA,NA,0.158013754,0.324646227,5.625
77,0,0,0,0,0,0,0,0,0,0,31,0.3,71.9704,128.16,0.94,0,0,1,1,0,0,1,1,0,0,0,0,0,0,1,1,0,0,0,0,0,0,0,0,0,0,0,0,1,1,0,1,0,1,0,1,0,1,0,1,8,8,23,23,60,60,79,79,42,42,0.163407299,0.389951909,6.4
78,0,0,0,0,0,0,0,0,0,0,31,1.02,71.9704,128.16,0.24,0,0,1,1,0,0,1,1,0,0,0,0,0,0,1,1,0,0,0,0,0,0,0,0,0,0,0,0,1,1,0,1,0,1,0,1,0,1,0,1,8,8,23,23,60,60,79,79,42,42,0.166240128,-0.131866587,6.3
79,0,0,0,0,0,0,0,0,0,0,31,1.26,71.9704,128.16,0.06,1,1,0,0,0,0,1,1,0,0,0,0,0,0,1,1,0,0,0,0,0,0,0,0,0,0,0,0,1,1,0,1,0,1,0,1,0,1,0,1,8,8,23,23,60,60,79,79,42,42,0.163518496,-0.691769467,5.8
80,0,0,0,0,0,0,0,0,0,0,32,0.92,117.753,50.4,0.56,0,0,0,0,0,0,1,1,0,0,0,0,1,1,0,0,0,0,0,0,0,0,0,0,0,0,0,0,0,0,0,1,0,1,0,1,0,1,0,1,8,8,23,23,45,45,60,60,79,79,0.120748659,-0.399801011,7.5
81,0,0,0,0,0,0,0,0,0,0,32,0.86,117.753,50.4,0.76,0,0,0,0,1,1,1,1,0,0,0,0,1,1,0,0,0,0,0,0,0,0,0,0,0,0,0,0,0,0,0,1,0,1,0,1,0,1,0,1,7,7,23,23,45,45,60,60,79,79,0.137552582,0.274143261,6
82,0,0,0,0,0,0,0,0,0,0,31,3.02,71.9704,128.16,0.34,0,0,1,1,0,0,1,1,0,0,0,0,0,0,1,1,0,0,0,0,0,0,0,0,0,0,0,0,0,0,0,1,0,1,0,1,0,1,0,1,9,9,23,23,45,45,60,60,79,79,0.157737389,0.830587806,6.6
83,0,0,0,0,0,0,0,0,0,0,31,2.92,71.9704,128.16,0.38,1,1,0,0,0,0,1,1,0,0,0,0,0,0,1,1,0,0,0,0,0,0,0,0,0,0,0,0,0,0,0,1,0,1,0,1,0,1,0,1,9,9,23,23,45,45,60,60,79,79,0.150311487,1.079765478,6.6
84,0,0,0,0,1,1,1,1,NA,NA,33,0.625,72.4781,18.81,0.95,1,1,1,1,0,0,1,1,NA,NA,0,0,0,0,1,1,0,0,NA,NA,0,0,0,0,0,0,0,0,NA,NA,0,1,0,1,0,1,0,1,NA,NA,16,16,39,39,47,47,66,66,NA,NA,0.170821625,-0.340359809,4.875
85,0,0,0,0,0,0,0,0,0,0,34,5.62,321.0707,36.63,0.1,1,1,0,0,0,0,1,1,0,0,0,0,1,1,0,0,0,0,0,0,0,0,0,0,0,0,0,0,1,1,0,1,0,1,0,1,0,1,0,1,9,9,44,44,65,65,86,86,30,30,0.207826675,0.666632331,7.2
86,0,0,1,1,0,0,0,0,NA,NA,33,0.625,72.4781,18.81,0.475,1,1,1,1,0,0,1,1,NA,NA,0,0,0,0,1,1,0,0,NA,NA,0,0,0,0,0,0,0,0,NA,NA,0,1,0,1,0,1,0,1,NA,NA,16,16,39,39,47,47,66,66,NA,NA,0.159176492,-0.886377788,3.375
87,0,0,0,0,0,0,0,0,0,0,31,1.72,71.9704,128.16,0,1,1,0,0,0,0,1,1,0,0,0,0,0,0,1,1,0,0,0,0,0,0,0,0,0,0,0,0,1,1,0,1,0,1,0,1,0,1,0,1,8,8,23,23,60,60,79,79,43,43,0.151617763,0.58149736,7.2
88,0,0,0,0,1,1,0,0,0,0,35,1.3,53.1115,45.9,0.14,1,1,0,0,0,0,1,1,0,0,0,0,0,0,1,1,0,0,0,0,0,0,0,0,0,0,0,0,1,1,0,1,0,1,0,1,0,1,0,1,16,16,39,39,47,47,66,66,85,85,0.215453318,-0.121293962,5.5
89,0,0,0,0,0,0,0,0,0,0,35,1.84,53.1115,45.9,0.02,1,1,0,0,0,0,1,1,0,0,0,0,0,0,1,1,0,0,0,0,0,0,0,0,0,0,0,0,1,1,0,1,0,1,0,1,0,1,0,1,16,16,39,39,47,47,66,66,85,85,0.213364431,-0.151298572,4.9
90,0,0,0,0,0,0,0,0,0,0,35,1.18,53.1115,45.9,0.12,1,1,0,0,0,0,1,1,0,0,0,0,0,0,1,1,0,0,0,0,0,0,0,0,0,0,0,0,1,1,0,1,0,1,0,1,0,1,0,1,16,16,39,39,47,47,66,66,85,85,0.203024045,0.348878324,7.1
91,0,0,0,0,0,0,0,0,0,0,36,4.76,196.4737,136.17,0.34,1,1,0,0,0,0,0,0,0,0,0,0,0,0,1,1,0,0,0,0,0,0,0,0,0,0,1,1,1,1,0,1,0,1,0,1,0,1,0,1,17,17,44,44,65,65,39,39,80,80,0.21326588,1.079677217,4.6
92,0,0,0,0,0,0,0,0,0,0,37,0.76,109.2318,11.52,0.02,0,0,1,1,1,1,0,0,0,0,0,0,0,0,0,0,1,1,0,0,0,0,0,0,0,0,0,0,1,1,0,1,0,1,0,1,0,1,0,1,9,9,44,44,65,65,86,86,31,31,0.21957405,-0.166573871,6.2
93,0,0,0,0,0,0,0,0,0,0,36,4.38,196.4737,136.17,0.24,1,1,0,0,0,0,0,0,0,0,0,0,0,0,1,1,0,0,0,0,0,0,0,0,0,0,1,1,1,1,0,1,0,1,0,1,0,1,0,1,17,17,44,44,65,65,39,39,80,80,0.193507891,1.128981173,7.4
94,0,0,0,0,0,0,0,0,0,0,36,3.62,196.4737,136.17,0.7,1,1,0,0,0,0,0,0,0,0,0,0,0,0,1,1,0,0,0,0,0,0,0,0,0,0,0,0,1,1,0,1,0,1,0,1,0,1,0,1,18,18,47,47,66,66,39,39,81,81,0.177867835,0.979294501,7.5
95,0,0,0,0,0,0,0,0,0,0,36,4.18,196.4737,136.17,0.3,1,1,0,0,0,0,0,0,0,0,0,0,1,1,0,0,1,1,0,0,0,0,0,0,0,0,0,0,1,1,0,1,0,1,0,1,0,1,0,1,18,18,38,38,44,44,66,66,81,81,0.202812071,1.303377118,4.8
96,0,0,0,0,0,0,0,0,0,0,36,4.64,196.4737,136.17,0.34,1,1,0,0,0,0,0,0,0,0,0,0,1,1,0,0,1,1,0,0,0,0,0,0,0,0,0,0,1,1,0,1,0,1,0,1,0,1,0,1,18,18,38,38,44,44,66,66,81,81,0.195830329,1.517375682,5.1
97,0,0,0,0,0,0,0,0,0,0,36,5.52,196.4737,136.17,0.28,1,1,0,0,0,0,0,0,0,0,0,0,0,0,1,1,0,0,0,0,0,0,0,0,0,0,1,1,1,1,0,1,0,1,0,1,0,1,0,1,17,17,44,44,65,65,39,39,80,80,0.218203504,0.714524866,7.2
98,0,0,0,0,0,0,0,0,0,0,38,5.16,161.8492,55.08,0.04,0,0,1,1,1,1,0,0,0,0,0,0,0,0,0,0,1,1,0,0,0,0,0,0,0,0,0,0,1,1,0,1,0,1,0,1,0,1,0,1,9,9,44,44,65,65,86,86,30,30,0.192873874,0.172131636,5.3
99,0,0,0,0,0,0,0,0,0,0,39,4.34,160.1163,50.58,0.24,0,0,1,1,0,0,1,1,0,0,0,0,0,0,0,0,0,0,0,0,0,0,0,0,0,0,0,0,1,1,0,1,0,1,0,1,0,1,0,1,9,9,44,44,65,65,86,86,31,31,0.133098609,-0.126800905,4.8
100,0,0,0,0,0,0,0,1,0,0,39,3.84,160.1163,50.58,0.34,1,1,0,0,0,0,1,1,0,0,0,0,1,1,0,0,0,0,0,0,0,0,0,0,0,0,0,0,1,1,0,1,0,1,0,1,0,1,0,1,9,9,44,44,65,65,86,86,31,31,0.134562969,-0.403057457,8.9
101,0,0,0,0,0,0,0,0,0,0,34,5.32,321.0707,36.63,0.06,1,1,0,0,0,0,1,1,0,0,0,0,1,1,0,0,0,0,0,0,0,0,0,0,0,0,0,0,1,1,0,1,0,1,0,1,0,1,0,1,9,9,38,38,65,65,86,86,31,31,0.206416661,0.338101559,5.5
102,0,0,0,0,0,0,0,0,NA,NA,40,1.55,13.9977,5.04,1.275,1,1,0,0,0,0,0,0,NA,NA,0,0,0,0,1,1,0,0,NA,NA,0,0,0,0,0,0,1,1,NA,NA,0,1,0,1,0,1,0,1,NA,NA,22,22,60,60,79,79,9,9,NA,NA,0.116783233,-0.958241625,4.5
103,0,0,0,0,0,0,0,0,0,0,41,3.18,32.4155,32.76,0.96,1,1,0,0,0,0,0,0,0,0,0,0,1,1,0,0,1,1,0,0,0,0,0,0,0,0,0,0,1,1,0,1,0,1,0,1,0,1,0,1,17,17,38,38,47,47,66,66,85,85,0.12104142,-0.686171829,6.3
104,0,0,0,0,0,0,0,0,0,0,41,3.2,32.4155,32.76,0.84,1,1,0,0,0,0,0,0,0,0,0,0,1,1,0,0,1,1,0,0,0,0,0,0,0,0,0,0,1,1,0,1,0,1,0,1,0,1,0,1,16,16,38,38,47,47,66,66,85,85,0.130800826,-0.611341278,5.2
105,0,0,0,0,0,0,0,0,0,0,42,3.8,418.515,38.34,0.08,1,1,0,0,0,0,0,0,0,0,0,0,0,0,1,1,0,0,0,0,0,0,0,0,0,0,1,1,1,1,0,1,0,1,0,1,0,1,0,1,17,17,44,44,65,65,39,39,80,80,0.202571364,-0.252892382,5
106,1,1,1,1,0,0,0,0,0,0,32,0.84,117.753,50.4,0.66,1,1,0,0,0,0,1,1,0,0,0,0,1,1,0,0,0,0,0,0,0,0,0,0,0,0,0,0,0,0,0,1,0,1,0,1,0,1,0,1,8,8,23,23,45,45,60,60,79,79,0.130264773,-0.08613325,4.125
107,0,0,0,0,0,0,0,0,0,0,43,4.86,194.7853,15.21,0,0,0,1,1,1,1,0,0,0,0,0,0,0,0,0,0,1,1,0,0,0,0,0,0,0,0,0,0,1,1,0,1,0,1,0,1,0,1,0,1,9,9,44,44,65,65,86,86,30,30,0.155927531,-0.564758646,4.8
108,0,0,0,0,0,0,0,0,0,0,38,4.74,161.8492,55.08,0.04,1,1,0,0,1,1,0,0,0,0,0,0,1,1,0,0,1,1,0,0,0,0,0,0,0,0,0,0,1,1,0,1,0,1,0,1,0,1,0,1,9,9,44,44,65,65,86,86,30,30,0.204667088,0.426230121,5.1
109,0,0,0,0,0,0,0,0,0,0,34,5.2,321.0707,36.63,0.08,0,0,1,1,0,0,1,1,0,0,0,0,0,0,0,0,0,0,0,0,0,0,0,0,0,0,0,0,1,1,0,1,0,1,0,1,0,1,0,1,9,9,44,44,65,65,86,86,31,31,0.191721274,0.085270457,5.2
110,0,0,0,0,0,0,0,0,0,0,31,1.1,71.9704,128.16,0.26,1,1,0,0,1,1,1,1,0,0,0,0,0,0,0,0,0,0,0,0,0,0,0,0,0,0,0,0,0,0,0,1,0,1,0,1,0,1,0,1,8,8,23,23,45,45,60,60,79,79,0.142978926,0.884282613,5.5
111,0,0,0,0,0,0,0,0,0,0,44,4.283333333,37.5993,6.66,0.266666667,1,1,0,0,0,0,1,1,1,1,0,0,1,1,0,0,0,0,0,0,0,0,0,0,0,0,0,0,0,0,0,1,0,1,0,1,0,1,0,1,4,4,28,28,42,42,80,80,87,87,0.155801105,-0.542246189,5
112,0,0,0,0,0,0,NA,NA,NA,NA,45,6.533333333,216.3911,36.72,0.333333333,1,1,0,0,0,0,NA,NA,NA,NA,0,0,0,0,0,0,NA,NA,NA,NA,0,0,0,0,1,1,NA,NA,NA,NA,0,1,0,1,0,1,NA,NA,NA,NA,4,4,57,57,36,36,NA,NA,NA,NA,0.109480477,-0.180759206,7
113,0,0,0,0,0,0,NA,NA,NA,NA,45,4.266666667,216.3911,36.72,0,0,0,0,0,0,0,NA,NA,NA,NA,0,0,1,1,0,0,NA,NA,NA,NA,0,0,0,0,1,1,NA,NA,NA,NA,0,1,0,1,0,1,NA,NA,NA,NA,4,4,57,57,36,36,NA,NA,NA,NA,0.11287632,0.14397539,6.833333333
114,0,0,0,0,0,0,0,0,NA,NA,46,2.7,36.4428,34.38,0.625,0,0,1,1,0,0,0,0,NA,NA,0,0,0,0,1,1,0,0,NA,NA,0,0,0,0,0,0,1,1,NA,NA,0,1,0,1,0,1,0,1,NA,NA,7,7,52,52,67,67,32,32,NA,NA,0.123322747,0.043679545,2.875
115,0,0,0,0,0,0,0,0,NA,NA,46,4.65,36.4428,34.38,0,0,0,1,1,0,0,0,0,NA,NA,0,0,0,0,1,1,0,0,NA,NA,0,0,0,0,0,0,1,1,NA,NA,0,1,0,1,0,1,0,1,NA,NA,7,7,52,52,67,67,32,32,NA,NA,0.123871165,-0.209211587,7.625
116,0,0,0,0,0,0,0,0,NA,NA,47,3.625,53.5878,47.07,0.625,1,1,0,0,0,0,0,0,NA,NA,0,0,0,0,1,1,0,0,NA,NA,0,0,0,0,0,0,1,1,NA,NA,0,1,0,1,0,1,0,1,NA,NA,7,7,52,52,67,67,32,32,NA,NA,0.138429942,0.254075928,5
117,0,0,0,0,0,0,0,0,NA,NA,47,6.05,53.5878,47.07,0.15,1,1,0,0,0,0,0,0,NA,NA,0,0,0,0,1,1,0,0,NA,NA,0,0,0,0,0,0,1,1,NA,NA,0,1,0,1,0,1,0,1,NA,NA,7,7,52,52,67,67,32,32,NA,NA,0.128418826,-0.286755952,5.375
118,0,0,0,0,0,0,0,0,NA,NA,48,4.375,95.2073,41.67,0.075,1,1,0,0,0,0,0,0,NA,NA,0,0,0,0,0,0,0,0,NA,NA,0,0,0,0,0,0,1,1,NA,NA,0,1,0,1,0,1,0,1,NA,NA,7,7,52,52,67,67,32,32,NA,NA,0.163383584,0.343832219,6
119,0,0,0,0,0,0,0,0,NA,NA,48,3.25,95.2073,41.67,0.5,0,0,1,1,0,0,0,0,NA,NA,0,0,0,0,0,0,0,0,NA,NA,0,0,0,0,0,0,1,1,NA,NA,0,1,0,1,0,1,0,1,NA,NA,7,7,52,52,67,67,35,35,NA,NA,0.159303615,0.625689729,4.125
120,0,0,0,0,0,0,0,0,NA,NA,49,5.05,127.2343,84.51,0.675,0,0,1,1,0,0,0,0,NA,NA,0,0,0,0,0,0,0,0,NA,NA,0,0,0,0,0,0,1,1,NA,NA,0,1,0,1,0,1,0,1,NA,NA,7,7,52,52,67,67,35,35,NA,NA,0.151010116,0.986771313,7.125
121,0,0,0,0,NA,NA,NA,NA,NA,NA,49,2.2,127.2343,84.51,1.55,1,1,0,0,NA,NA,NA,NA,NA,NA,0,0,0,0,NA,NA,NA,NA,NA,NA,0,0,0,0,NA,NA,NA,NA,NA,NA,0,1,0,1,NA,NA,NA,NA,NA,NA,52,52,67,67,NA,NA,NA,NA,NA,NA,0.137245401,0.708918575,3
122,0,0,0,0,0,0,0,0,NA,NA,49,5.825,127.2343,84.51,0.575,1,1,0,0,0,0,0,0,NA,NA,0,0,0,0,0,0,0,0,NA,NA,0,0,0,0,0,0,1,1,NA,NA,0,1,0,1,0,1,0,1,NA,NA,4,4,52,52,67,67,35,35,NA,NA,0.14375637,0.789235513,4.75
123,0,0,0,0,0,0,0,0,NA,NA,49,4.2,127.2343,84.51,0.7,0,0,1,1,0,0,0,0,NA,NA,0,0,0,0,0,0,0,0,NA,NA,0,0,0,0,0,0,1,1,NA,NA,0,1,0,1,0,1,0,1,NA,NA,7,7,52,52,67,67,35,35,NA,NA,0.125955884,0.142244507,4.5
124,0,0,0,0,0,0,NA,NA,NA,NA,50,1.983333333,259.7869,22.95,0.191666667,1,1,0,0,0,0,NA,NA,NA,NA,0,0,0,0,0,0,NA,NA,NA,NA,0,0,0,0,1,1,NA,NA,NA,NA,0,1,0,1,0,1,NA,NA,NA,NA,7,7,52,52,35,35,NA,NA,NA,NA,0.124908582,0.154904417,9.666666667
125,0,0,0,0,0,0,0,0,NA,NA,51,4,125.5002,27.54,0.425,0,0,1,1,0,0,0,0,NA,NA,0,0,0,0,0,0,1,1,NA,NA,0,0,0,0,0,0,0,0,NA,NA,0,1,0,1,0,1,0,1,NA,NA,17,17,30,30,56,56,72,72,NA,NA,0.078810188,-0.1624574,5.875
126,0,0,0,0,0,0,0,0,NA,NA,52,2.975,75.9861,28.62,0.275,1,1,0,0,0,0,0,0,NA,NA,0,0,0,0,1,1,0,0,NA,NA,0,0,0,0,0,0,1,1,NA,NA,0,1,0,1,0,1,0,1,NA,NA,30,30,56,56,72,72,18,18,NA,NA,0.074906515,-0.780286871,11.25
127,0,0,0,0,0,0,0,0,NA,NA,53,5.875,43.8612,44.73,0.275,0,0,1,1,0,0,0,0,NA,NA,0,0,0,0,0,0,1,1,NA,NA,0,0,0,0,0,0,0,0,NA,NA,0,1,0,1,0,1,0,1,NA,NA,17,17,30,30,56,56,72,72,NA,NA,0.082144812,-0.233507547,6.125
128,0,0,0,0,0,0,0,0,0,0,19,1.42,182.4735,192.87,1.22,0,0,1,1,0,0,0,0,0,0,0,0,0,0,1,1,1,1,0,0,0,0,0,0,0,0,0,0,1,1,0,1,0,1,0,1,0,1,0,1,31,31,41,41,59,59,78,78,17,17,0.180496391,0.916692818,6.3
129,1,1,0,1,0,1,0,0,0,0,19,0.566,182.4735,192.87,1.75,0,0,0,0,1,1,1,1,0,0,0,0,1,1,0,0,0,0,0,0,0,0,0,0,0,0,0,0,1,1,0,1,0,1,0,1,0,1,NA,NA,16,16,31,31,59,59,78,78,NA,NA,0.205286189,1.248369095,4.6
130,0,0,0,1,0,1,0,0,0,0,19,0.94,182.4735,192.87,1.5,0,0,0,0,1,1,1,1,0,0,0,0,1,1,0,0,0,0,0,0,0,0,0,0,0,0,0,0,1,1,0,1,0,1,0,1,0,1,0,1,16,16,31,31,59,59,78,78,42,42,0.180548932,0.57467604,3.4
131,0,0,0,1,0,1,0,0,0,1,20,1.78,177.0758,118.17,1.6,0,0,1,1,1,1,0,0,0,0,1,1,0,0,0,0,0,0,0,0,0,0,0,0,0,0,0,0,1,1,0,1,0,1,0,1,0,1,0,1,30,30,42,42,58,58,78,78,16,16,0.267155726,0.081827738,2.9
132,1,1,1,0,0,0,1,0,1,1,20,1.34,177.0758,118.17,1.42,0,0,0,0,1,1,0,0,0,0,0,0,1,1,0,0,1,1,0,0,0,0,0,0,0,0,0,0,1,1,0,1,0,1,0,1,0,1,0,1,31,31,42,42,58,58,80,80,16,16,0.272669974,0.688275028,7.5
133,1,1,0,0,1,1,0,1,1,1,12,1.58,89.8033,131.22,1.96,1,1,0,0,0,0,0,0,0,0,0,0,0,0,1,1,0,0,0,0,0,0,0,0,0,0,0,0,1,1,0,1,0,1,0,1,0,1,0,1,21,21,30,30,71,71,87,87,44,44,0.171818008,1.102804603,3.25
134,0,1,1,1,0,1,0,1,1,1,54,0.92,277.4322,16.2,2.74,1,1,0,0,0,0,1,1,0,0,0,0,0,0,1,1,0,0,0,0,0,0,0,0,0,0,0,0,1,1,0,1,0,1,0,1,0,1,0,1,10,10,32,32,71,71,87,87,44,44,0.20573935,0.914366565,3.6
135,1,1,0,0,1,1,1,1,0,0,55,2.44,141.5983,26.91,2.74,0,0,0,0,0,0,0,0,0,0,1,1,0,0,1,1,0,0,0,0,0,0,0,0,0,0,0,0,1,1,0,1,0,1,0,1,0,1,0,1,32,32,71,71,87,87,11,11,43,43,0.207971176,0.89611758,7.1
136,0,0,0,0,1,1,0,1,NA,NA,56,0.475,61.7028,34.2,1.35,0,0,0,0,0,0,0,0,NA,NA,1,1,1,1,1,1,1,1,NA,NA,0,0,0,0,0,0,0,0,NA,NA,0,1,0,1,0,1,0,1,NA,NA,28,28,39,39,56,56,77,77,NA,NA,0.157210808,0.906590005,5.25
137,0,0,1,1,0,0,0,0,0,0,57,1.18,33.131,7.56,0.38,1,1,1,1,0,0,0,0,0,0,0,0,0,0,1,1,1,1,0,0,0,0,0,0,0,0,0,0,1,1,0,1,0,1,0,1,0,1,0,1,11,11,29,29,53,53,73,73,86,86,0.203375818,-0.469699114,5.1
138,0,1,1,1,1,1,1,1,NA,NA,58,0.6,39.639,8.46,1.3,0,0,0,0,0,0,0,0,NA,NA,1,1,0,0,1,1,0,0,NA,NA,0,0,0,0,0,0,0,0,NA,NA,0,1,0,1,0,1,0,1,NA,NA,39,39,53,53,77,77,22,22,NA,NA,0.184251272,-0.475089976,9.25
139,1,1,1,1,1,1,0,1,NA,NA,59,0.475,44.774,14.85,1.15,0,0,0,0,0,0,0,0,NA,NA,1,1,0,0,1,1,0,0,NA,NA,0,0,0,0,0,0,0,0,NA,NA,0,1,0,1,0,1,0,1,NA,NA,39,39,53,53,77,77,32,32,NA,NA,0.181185679,-0.210707545,5.625
140,1,1,0,0,1,1,0,0,NA,NA,60,1.875,51.9357,5.76,2.6,1,1,0,0,0,0,0,0,NA,NA,0,0,0,0,0,0,0,0,NA,NA,0,0,0,0,1,1,1,1,NA,NA,0,1,0,1,0,1,0,1,NA,NA,28,28,42,42,73,73,88,88,NA,NA,0.199851642,-0.945358135,4.333333333
141,0,0,0,0,0,0,0,0,0,0,61,3.52,48.6248,13.05,0.02,1,1,0,0,1,1,0,0,0,0,0,0,1,1,0,0,1,1,0,0,0,0,0,0,0,0,0,0,1,1,0,1,0,1,0,1,0,1,0,1,9,9,44,44,65,65,86,86,30,30,0.124939614,-1.143163786,7.5
142,1,1,1,1,1,1,0,0,0,1,12,1.616666667,89.8033,131.22,1.6,1,1,0,0,0,0,0,0,0,0,0,0,1,1,0,0,0,0,0,0,0,0,0,0,0,0,0,0,1,1,0,1,0,1,0,1,0,1,NA,NA,21,21,71,71,87,87,33,33,NA,NA,0.137699909,0.728993373,4.666666667
143,0,0,0,0,0,0,NA,NA,NA,NA,62,5.833333333,28.8634,31.77,0.2,1,1,0,0,0,0,NA,NA,NA,NA,0,0,0,0,0,0,NA,NA,NA,NA,0,0,0,0,0,0,NA,NA,NA,NA,0,1,0,1,0,1,NA,NA,NA,NA,30,30,56,56,72,72,NA,NA,NA,NA,0.140798187,-0.564849268,6.5
144,0,0,0,0,0,0,0,0,0,0,63,2.14,190.6479,154.53,1.58,0,0,1,1,0,0,1,1,0,0,0,0,0,0,0,0,0,0,1,1,0,0,0,0,0,0,0,0,0,0,0,1,0,1,0,1,0,1,0,1,37,37,41,41,43,43,64,64,81,81,0.149857967,0.412697296,4.1
145,0,0,0,0,0,0,0,0,0,0,64,3.14,470.0869,54.72,0.44,1,1,0,0,1,1,0,0,0,0,0,0,0,0,0,0,0,0,1,1,0,0,0,0,0,0,0,0,0,0,0,1,0,1,0,1,0,1,0,1,41,41,43,43,64,64,72,72,81,81,0.151571595,0.679258127,5.375
146,0,0,0,1,1,1,0,1,NA,NA,36,2.8,196.4737,136.17,0.375,1,1,0,0,0,0,0,0,NA,NA,0,0,0,0,1,1,0,0,NA,NA,0,0,0,0,0,0,1,1,NA,NA,0,1,0,1,0,1,0,1,NA,NA,39,39,47,47,65,65,81,81,NA,NA,0.181907197,0.281594705,2.75
147,1,1,1,1,1,1,1,1,NA,NA,36,3.25,196.4737,136.17,0.8,0,0,0,0,0,0,0,0,NA,NA,0,0,0,0,1,1,0,0,NA,NA,0,0,0,0,0,0,1,1,NA,NA,0,1,0,1,0,1,0,1,NA,NA,39,39,47,47,65,65,80,80,NA,NA,0.192254347,0.555063452,5.75
148,0,0,0,0,0,0,0,0,0,0,65,2.4,52.4448,3.87,0.44,0,0,1,1,1,1,0,0,1,1,0,0,0,0,0,0,1,1,0,0,0,0,0,0,0,0,0,0,0,0,0,1,0,1,0,1,0,1,0,1,41,41,43,43,64,64,72,72,81,81,0.128604162,-0.42989015,8.6
149,1,1,0,1,1,1,1,1,NA,NA,22,1.175,606.9243,77.13,1.725,0,0,1,1,0,0,0,0,NA,NA,0,0,0,0,1,1,0,0,NA,NA,0,0,0,0,0,0,0,0,NA,NA,0,1,0,1,0,1,0,1,NA,NA,42,42,46,46,58,58,78,78,NA,NA,0.263097789,-0.585531475,6
150,0,1,0,0,0,1,0,1,0,1,66,0.72,31.9665,16.92,1.92,0,0,1,1,1,1,0,0,0,0,0,0,0,0,0,0,0,0,0,0,0,0,0,0,0,0,1,1,1,1,0,1,0,1,0,1,0,1,0,1,42,42,51,51,80,80,73,73,88,88,0.182021881,-0.515058018,5.375
151,0,0,0,0,0,0,NA,NA,NA,NA,14,0.933333333,262.754,38.07,1.6,0,0,0,0,0,0,NA,NA,NA,NA,1,1,0,0,0,0,NA,NA,NA,NA,0,0,1,1,1,1,NA,NA,NA,NA,0,1,0,1,0,1,NA,NA,NA,NA,53,53,73,73,88,88,NA,NA,NA,NA,0.219051823,-0.456344001,4.333333333
152,1,1,1,1,1,1,1,1,1,1,15,2,342.495,179.28,1.28,0,0,1,1,0,0,0,0,0,0,0,0,0,0,1,1,0,0,0,0,0,0,0,0,0,0,0,0,1,1,0,1,0,1,0,1,0,1,0,1,42,42,46,46,58,58,78,78,74,74,0.259853631,0.13871091,3.25
153,0,0,0,0,0,0,NA,NA,NA,NA,67,2.166666667,10.442,7.11,2.6,0,0,0,0,0,0,NA,NA,NA,NA,0,0,0,0,1,1,NA,NA,NA,NA,0,0,0,0,0,0,NA,NA,NA,NA,0,1,0,1,0,1,NA,NA,NA,NA,53,53,59,59,77,77,NA,NA,NA,NA,0.193948509,-0.996466333,7.166666667
154,0,0,0,0,0,0,NA,NA,NA,NA,68,1.533333333,9.5261,0.63,1.9,0,0,0,0,0,0,NA,NA,NA,NA,0,0,0,0,1,1,NA,NA,NA,NA,0,0,0,0,0,0,NA,NA,NA,NA,0,1,0,1,0,1,NA,NA,NA,NA,53,53,59,59,77,77,NA,NA,NA,NA,0.175221521,-0.224856498,5
155,1,1,0,0,1,1,NA,NA,NA,NA,19,0.966666667,182.4735,192.87,1.833333333,0,0,1,1,0,0,NA,NA,NA,NA,0,0,0,0,0,0,NA,NA,NA,NA,0,0,0,0,1,1,NA,NA,NA,NA,0,1,0,1,0,1,NA,NA,NA,NA,59,59,93,93,88,88,NA,NA,NA,NA,0.229988297,1.016755724,6.166666667
156,0,1,1,0,0,1,NA,NA,NA,NA,26,1.6,39.9297,30.69,1.366666667,0,0,0,0,1,1,NA,NA,NA,NA,0,0,0,0,0,0,NA,NA,NA,NA,0,0,0,0,0,0,NA,NA,NA,NA,0,1,0,1,0,1,NA,NA,NA,NA,66,66,6,6,92,92,NA,NA,NA,NA,0.102382414,0.064003913,5.833333333
157,0,0,0,0,NA,NA,NA,NA,NA,NA,63,2.85,190.6479,154.53,0.5,0,0,1,1,NA,NA,NA,NA,NA,NA,1,1,0,0,NA,NA,NA,NA,NA,NA,0,0,0,0,NA,NA,NA,NA,NA,NA,0,1,0,1,NA,NA,NA,NA,NA,NA,72,72,81,81,NA,NA,NA,NA,NA,NA,0.149063641,0.244795286,2.75
158,0,0,0,0,NA,NA,NA,NA,NA,NA,63,2.1,190.6479,154.53,0.75,0,0,0,0,NA,NA,NA,NA,NA,NA,0,0,1,1,NA,NA,NA,NA,NA,NA,0,0,0,0,NA,NA,NA,NA,NA,NA,0,1,0,1,NA,NA,NA,NA,NA,NA,72,72,81,81,NA,NA,NA,NA,NA,NA,0.135691617,0.052254701,6.5
159,0,0,1,0,0,0,0,1,NA,NA,22,0.5,606.9243,77.13,1.875,0,0,0,0,1,1,0,0,NA,NA,0,0,0,0,0,0,0,0,NA,NA,0,0,0,0,0,0,1,1,NA,NA,0,1,0,1,0,1,0,1,NA,NA,42,42,78,78,93,93,88,88,NA,NA,0.286236903,0.818054076,8
160,0,0,0,0,0,0,0,0,NA,NA,69,3.075,239.2167,15.03,0.075,1,1,0,0,0,0,0,0,NA,NA,0,0,0,0,0,0,0,0,NA,NA,0,0,0,0,1,1,1,1,NA,NA,0,1,0,1,0,1,0,1,NA,NA,85,85,26,26,49,49,71,71,NA,NA,0.233812573,0.667516471,5.25
161,0,0,0,0,0,0,0,0,NA,NA,69,2.775,239.2167,15.03,0.3,1,1,0,0,0,0,0,0,NA,NA,0,0,0,0,0,0,0,0,NA,NA,0,0,0,0,1,1,1,1,NA,NA,0,1,0,1,0,1,0,1,NA,NA,85,85,26,26,49,49,71,71,NA,NA,0.22457165,-0.057456813,3.375
162,0,0,0,0,0,1,0,0,0,0,70,1.8,269.5726,211.41,0.98,0,0,0,0,1,1,0,0,0,0,1,1,0,0,0,0,0,0,0,0,0,0,0,0,0,0,1,1,1,1,0,1,0,1,0,1,0,1,0,1,25,25,85,85,94,94,49,49,71,71,0.243312415,2.620050571,3.1
163,0,0,0,0,0,0,0,0,0,0,70,2.96,269.5726,211.41,0.76,0,0,1,1,1,1,0,0,0,0,1,1,0,0,0,0,0,0,0,0,0,0,0,0,0,0,1,1,1,1,0,1,0,1,0,1,0,1,0,1,25,25,85,85,94,94,45,45,71,71,0.235325659,1.500156751,4
164,0,1,0,0,0,0,NA,NA,NA,NA,70,2.266666667,269.5726,211.41,0.633333333,0,0,0,0,0,0,NA,NA,NA,NA,1,1,0,0,0,0,NA,NA,NA,NA,0,0,1,1,1,1,NA,NA,NA,NA,0,1,0,1,0,1,NA,NA,NA,NA,25,25,49,49,71,71,NA,NA,NA,NA,0.245662836,2.177866169,3.166666667
165,0,0,0,0,NA,NA,NA,NA,NA,NA,70,2.4,269.5726,211.41,1.05,0,0,0,0,NA,NA,NA,NA,NA,NA,0,0,0,0,NA,NA,NA,NA,NA,NA,0,0,1,1,NA,NA,NA,NA,NA,NA,0,1,NA,NA,NA,NA,NA,NA,NA,NA,85,85,NA,NA,NA,NA,NA,NA,NA,NA,0.248099964,2.046098499,7.25
166,0,0,0,0,NA,NA,NA,NA,NA,NA,70,1.6,269.5726,211.41,1.5,0,0,1,1,NA,NA,NA,NA,NA,NA,0,0,0,0,NA,NA,NA,NA,NA,NA,0,0,0,0,NA,NA,NA,NA,NA,NA,0,1,0,1,NA,NA,NA,NA,NA,NA,85,85,94,94,NA,NA,NA,NA,NA,NA,0.244264874,2.162401485,4.5
167,0,0,0,0,0,0,0,0,NA,NA,71,1.075,54.396,10.98,0.525,0,0,0,0,0,0,0,0,NA,NA,0,0,0,0,0,0,0,0,NA,NA,0,0,1,1,1,1,1,1,NA,NA,0,1,0,1,0,1,0,1,NA,NA,84,84,50,50,63,63,93,93,NA,NA,0.089,-1.427812055,7.25
168,0,0,0,0,0,0,0,0,NA,NA,72,1.6,12.39,25.47,0.25,1,1,0,0,0,0,0,0,NA,NA,0,0,0,0,0,0,0,0,NA,NA,0,0,1,1,1,1,1,1,NA,NA,0,1,0,1,0,1,0,1,NA,NA,84,84,50,50,63,63,93,93,NA,NA,0.087,-1.921811624,4.25
169,0,0,0,0,0,0,0,0,NA,NA,73,0.425,1.6098,0.18,0.1,1,1,0,0,1,1,0,0,NA,NA,0,0,0,0,0,0,1,1,NA,NA,0,0,0,0,0,0,0,0,NA,NA,0,1,0,1,0,1,0,1,NA,NA,38,38,45,45,57,57,70,70,NA,NA,0.022471031,-2.434524262,5.375
170,0,0,0,0,0,0,0,0,NA,NA,74,1.275,2.4257,0.45,0.3,0,0,1,1,0,0,0,0,NA,NA,0,0,0,0,0,0,1,1,NA,NA,0,0,0,0,0,0,0,0,NA,NA,0,1,0,1,0,1,0,1,NA,NA,38,38,45,45,57,57,70,70,NA,NA,0.018546629,-2.450972673,3
171,0,0,0,0,0,0,0,0,NA,NA,75,0.35,1.4005,0.45,0.175,0,0,1,1,0,0,0,0,NA,NA,0,0,0,0,1,1,0,0,NA,NA,0,0,0,0,0,0,0,0,NA,NA,0,1,0,1,0,1,0,1,NA,NA,38,38,45,45,57,57,70,70,NA,NA,0.01532567,-2.443359728,2.125
172,0,0,0,0,0,0,0,0,NA,NA,76,2.125,12.8343,3.06,0.575,0,0,0,0,1,1,0,0,NA,NA,0,0,1,1,0,0,1,1,NA,NA,0,0,0,0,0,0,0,0,NA,NA,0,1,0,1,0,1,0,1,NA,NA,38,38,45,45,57,57,70,70,NA,NA,0.069308143,-1.203017085,6.875
173,0,0,0,0,0,0,0,0,NA,NA,77,3.775,11.5176,0.45,1.175,1,1,0,0,0,0,0,0,NA,NA,0,0,1,1,1,1,0,0,NA,NA,0,0,0,0,0,0,0,0,NA,NA,0,1,0,1,0,1,0,1,NA,NA,38,38,45,45,57,57,70,70,NA,NA,0.073417833,-1.157828136,6.625
174,0,0,0,0,1,1,NA,NA,NA,NA,78,3.766666667,72.479,50.04,0.433333333,1,1,0,0,0,0,NA,NA,NA,NA,0,0,0,0,0,0,NA,NA,NA,NA,0,0,1,1,0,0,NA,NA,NA,NA,0,1,0,1,0,1,NA,NA,NA,NA,24,24,7,7,7,7,NA,NA,NA,NA,0.145820102,0.68979598,6.666666667
175,0,0,1,1,0,1,NA,NA,NA,NA,78,0.7,72.479,50.04,1.966666667,1,1,0,0,0,0,NA,NA,NA,NA,0,0,0,0,0,0,NA,NA,NA,NA,0,0,0,0,1,1,NA,NA,NA,NA,0,1,0,1,0,1,NA,NA,NA,NA,24,24,64,64,4,4,NA,NA,NA,NA,0.146893577,0.823263548,3.833333333
176,0,1,0,1,NA,NA,NA,NA,NA,NA,78,1.05,72.479,50.04,2.45,0,0,0,0,NA,NA,NA,NA,NA,NA,0,0,0,0,NA,NA,NA,NA,NA,NA,0,0,1,1,NA,NA,NA,NA,NA,NA,0,1,0,1,NA,NA,NA,NA,NA,NA,64,64,7,7,NA,NA,NA,NA,NA,NA,0.155812854,1.028151882,6.75
177,1,1,1,1,0,0,1,1,NA,NA,79,0.9,98.3273,87.12,2.15,1,1,0,0,0,0,0,0,NA,NA,0,0,1,1,0,0,0,0,NA,NA,0,0,0,0,1,1,1,1,NA,NA,0,1,0,1,0,1,0,1,NA,NA,3,3,64,64,25,25,95,95,NA,NA,0.149245266,-0.394565394,4.125
178,1,1,1,1,1,0,1,1,NA,NA,79,1.05,98.3273,87.12,2.375,1,1,0,0,0,0,0,0,NA,NA,0,0,1,1,0,0,0,0,NA,NA,0,0,0,0,1,1,1,1,NA,NA,0,1,0,1,0,1,0,1,NA,NA,3,3,64,64,25,25,95,95,NA,NA,0.143174987,-0.446007087,2.875
179,0,1,1,1,1,1,NA,NA,NA,NA,80,1.5,65.5575,45.99,0.9,0,0,0,0,0,0,NA,NA,NA,NA,0,0,0,0,0,0,NA,NA,NA,NA,0,0,1,1,0,0,NA,NA,NA,NA,0,1,0,1,0,1,NA,NA,NA,NA,64,64,7,7,25,25,NA,NA,NA,NA,0.169927178,0.060458414,4.166666667
180,0,1,1,1,1,1,NA,NA,NA,NA,80,0.933333333,65.5575,45.99,1.833333333,0,0,0,0,0,0,NA,NA,NA,NA,0,0,0,0,0,0,NA,NA,NA,NA,0,0,1,1,0,0,NA,NA,NA,NA,0,1,0,1,0,1,NA,NA,NA,NA,64,64,7,7,25,25,NA,NA,NA,NA,0.178587877,0.446729905,3.166666667
181,1,1,1,1,1,1,NA,NA,NA,NA,80,1.3,65.5575,45.99,1.166666667,0,0,0,0,0,0,NA,NA,NA,NA,0,0,0,0,0,0,NA,NA,NA,NA,0,0,1,1,0,0,NA,NA,NA,NA,0,1,0,1,0,1,NA,NA,NA,NA,64,64,7,7,25,25,NA,NA,NA,NA,0.162167394,0.688449291,5.5
182,0,1,0,0,0,0,NA,NA,NA,NA,81,4.3,106.1436,50.04,2.033333333,1,1,0,0,0,0,NA,NA,NA,NA,0,0,0,0,0,0,NA,NA,NA,NA,0,0,0,0,1,1,NA,NA,NA,NA,0,1,0,1,0,1,NA,NA,NA,NA,2,2,63,63,98,98,NA,NA,NA,NA,0.199284048,0.253590198,4.666666667
183,0,0,0,0,0,0,NA,NA,NA,NA,81,2.4,106.1436,50.04,0.6,1,1,0,0,0,0,NA,NA,NA,NA,0,0,0,0,0,0,NA,NA,NA,NA,0,0,0,0,1,1,NA,NA,NA,NA,0,1,0,1,0,1,NA,NA,NA,NA,1,1,63,63,98,98,NA,NA,NA,NA,0.204344859,0.417351174,5
184,0,0,0,0,0,0,0,0,NA,NA,81,6.05,106.1436,50.04,0.25,1,1,0,0,0,0,0,0,NA,NA,0,0,1,1,0,0,0,0,NA,NA,0,0,0,0,1,1,0,0,NA,NA,0,1,0,1,0,1,0,1,NA,NA,2,2,63,63,4,4,25,25,NA,NA,0.191379274,0.727328786,5.75
185,1,1,1,1,1,1,1,1,NA,NA,82,0.65,65.23,142.11,1.975,1,1,0,0,0,0,0,0,NA,NA,0,0,0,0,0,0,0,0,NA,NA,0,0,0,0,1,1,1,1,NA,NA,0,1,0,1,0,1,0,1,NA,NA,1,1,63,63,2,2,99,99,NA,NA,0.162726486,0.870381868,5.25
186,0,0,0,0,0,0,NA,NA,NA,NA,82,1.433333333,65.23,142.11,1.4,1,1,0,0,0,0,NA,NA,NA,NA,0,0,0,0,0,0,NA,NA,NA,NA,0,0,1,1,1,1,NA,NA,NA,NA,0,1,0,1,0,1,NA,NA,NA,NA,1,1,2,2,95,95,NA,NA,NA,NA,0.152772837,-0.05532816,5.5
187,1,1,1,1,0,1,NA,NA,NA,NA,83,1.366666667,21.9563,32.85,1.633333333,0,0,0,0,0,0,NA,NA,NA,NA,0,0,0,0,0,0,NA,NA,NA,NA,0,0,1,1,1,1,NA,NA,NA,NA,0,1,0,1,0,1,NA,NA,NA,NA,7,7,24,24,65,65,NA,NA,NA,NA,0.08767785,-1.236979308,5.5
188,1,0,0,0,0,1,NA,NA,NA,NA,83,2.833333333,21.9563,32.85,0.8,1,1,0,0,0,0,NA,NA,NA,NA,0,0,0,0,0,0,NA,NA,NA,NA,0,0,1,1,1,1,NA,NA,NA,NA,0,1,0,1,0,1,NA,NA,NA,NA,6,6,24,24,101,101,NA,NA,NA,NA,0.079249605,-1.369227558,2.75
189,0,1,0,1,0,1,NA,NA,NA,NA,84,1.766666667,8.8258,10.62,2.266666667,0,0,0,0,0,0,NA,NA,NA,NA,0,0,0,0,0,0,NA,NA,NA,NA,0,0,1,1,1,1,NA,NA,NA,NA,0,1,0,1,0,1,NA,NA,NA,NA,7,7,24,24,65,65,NA,NA,NA,NA,0.086479096,-1.876804229,4.833333333
190,1,1,1,1,NA,NA,NA,NA,NA,NA,85,0.65,8.8177,10.26,1.65,0,0,0,0,NA,NA,NA,NA,NA,NA,1,1,0,0,NA,NA,NA,NA,NA,NA,0,0,0,0,NA,NA,NA,NA,NA,NA,0,1,0,1,NA,NA,NA,NA,NA,NA,64,64,7,7,NA,NA,NA,NA,NA,NA,0.113212037,-1.533868759,5.5
191,0,1,NA,NA,NA,NA,NA,NA,NA,NA,86,2.6,16.0037,14.85,1.1,0,0,NA,NA,NA,NA,NA,NA,NA,NA,0,0,NA,NA,NA,NA,NA,NA,NA,NA,1,1,NA,NA,NA,NA,NA,NA,NA,NA,0,1,NA,NA,NA,NA,NA,NA,NA,NA,8,8,NA,NA,NA,NA,NA,NA,NA,NA,0.113727851,-1.240179849,5.5
192,1,1,1,1,0,0,0,0,NA,NA,82,0.4,65.23,142.11,1.15,0,0,0,0,0,0,0,0,NA,NA,1,1,0,0,0,0,0,0,NA,NA,0,0,1,1,1,1,1,1,NA,NA,0,1,0,1,0,1,0,1,NA,NA,24,24,3,3,64,64,102,102,NA,NA,0.153212622,-0.507501389,6.375
193,1,1,0,0,0,1,0,0,NA,NA,82,0.575,65.23,142.11,2.15,0,0,0,0,0,0,0,0,NA,NA,1,1,0,0,0,0,0,0,NA,NA,0,0,0,0,1,1,1,1,NA,NA,0,1,0,1,0,1,0,1,NA,NA,24,24,63,63,3,3,64,64,NA,NA,0.162403772,0.24675813,4.375
194,0,1,0,0,0,1,NA,NA,NA,NA,87,0.8,48.48,26.82,1.233333333,0,0,0,0,0,0,NA,NA,NA,NA,1,1,0,0,0,0,NA,NA,NA,NA,0,0,1,1,1,1,NA,NA,NA,NA,0,1,0,1,0,1,NA,NA,NA,NA,24,24,3,3,64,64,NA,NA,NA,NA,0.133456567,-1.025317115,4.666666667
195,0,0,0,0,0,0,NA,NA,NA,NA,87,1.8,48.48,26.82,0.566666667,0,0,0,0,0,0,NA,NA,NA,NA,1,1,0,0,0,0,NA,NA,NA,NA,0,0,1,1,1,1,NA,NA,NA,NA,0,1,0,1,0,1,NA,NA,NA,NA,24,24,3,3,64,64,NA,NA,NA,NA,0.118684107,-0.856023253,6.833333333
196,0,0,0,0,0,0,NA,NA,NA,NA,87,0.733333333,48.48,26.82,0.7,0,0,0,0,0,0,NA,NA,NA,NA,1,1,0,0,0,0,NA,NA,NA,NA,0,0,1,1,1,1,NA,NA,NA,NA,0,1,0,1,0,1,NA,NA,NA,NA,24,24,3,3,64,64,NA,NA,NA,NA,0.103615817,-0.738076867,5
197,0,0,1,1,1,1,0,1,NA,NA,88,1.95,87.3864,12.51,1.3,0,0,0,0,0,0,0,0,NA,NA,1,1,0,0,0,0,0,0,NA,NA,0,0,1,1,1,1,1,1,NA,NA,0,1,0,1,0,1,0,1,NA,NA,24,24,3,3,64,64,102,102,NA,NA,0.123389168,-0.901768079,4.875
198,1,1,0,0,NA,NA,NA,NA,NA,NA,82,1.4,65.23,142.11,2.85,1,1,0,0,NA,NA,NA,NA,NA,NA,0,0,0,0,NA,NA,NA,NA,NA,NA,0,0,1,1,NA,NA,NA,NA,NA,NA,0,1,0,1,NA,NA,NA,NA,NA,NA,2,2,92,92,NA,NA,NA,NA,NA,NA,0.190526213,0.791062854,3
199,0,0,0,0,0,0,NA,NA,NA,NA,89,3.233333333,164.4327,12.51,0.766666667,1,1,0,0,0,0,NA,NA,NA,NA,0,0,0,0,0,0,NA,NA,NA,NA,0,0,0,0,1,1,NA,NA,NA,NA,0,1,0,1,0,1,NA,NA,NA,NA,2,2,63,63,92,92,NA,NA,NA,NA,0.19093805,0.816585077,5
200,1,1,0,0,1,1,NA,NA,NA,NA,90,0.666666667,42.6436,37.71,2.033333333,1,1,0,0,0,0,NA,NA,NA,NA,0,0,1,1,0,0,NA,NA,NA,NA,0,0,0,0,1,1,NA,NA,NA,NA,0,1,0,1,0,1,NA,NA,NA,NA,6,6,64,64,99,99,NA,NA,NA,NA,0.179029265,-0.69724794,6.666666667
201,1,1,1,1,1,1,NA,NA,NA,NA,90,0.733333333,42.6436,37.71,1.566666667,0,0,0,0,0,0,NA,NA,NA,NA,1,1,0,0,0,0,NA,NA,NA,NA,0,0,0,0,1,1,NA,NA,NA,NA,0,1,0,1,0,1,NA,NA,NA,NA,64,64,7,7,99,99,NA,NA,NA,NA,0.147827694,-1.022384972,3
202,1,1,0,0,NA,NA,NA,NA,NA,NA,91,1.4,19.1108,7.38,0.15,0,0,0,0,NA,NA,NA,NA,NA,NA,1,1,0,0,NA,NA,NA,NA,NA,NA,0,0,1,1,NA,NA,NA,NA,NA,NA,0,1,0,1,NA,NA,NA,NA,NA,NA,63,63,7,7,NA,NA,NA,NA,NA,NA,0.179794402,-0.200803824,8.5
203,1,1,1,1,1,1,NA,NA,NA,NA,92,0.666666667,247.1058,26.01,1.666666667,1,1,0,0,0,0,NA,NA,NA,NA,0,0,1,1,0,0,NA,NA,NA,NA,0,0,0,0,1,1,NA,NA,NA,NA,0,1,0,1,0,1,NA,NA,NA,NA,3,3,63,63,92,92,NA,NA,NA,NA,0.157792134,-0.240741777,0
204,0,0,0,0,1,1,1,1,NA,NA,92,0.65,247.1058,26.01,2.575,1,1,0,0,0,0,0,0,NA,NA,0,0,1,1,0,0,0,0,NA,NA,0,0,0,0,1,1,1,1,NA,NA,0,1,0,1,0,1,0,1,NA,NA,3,3,63,63,25,25,92,92,NA,NA,0.167633548,-0.051361736,1.75
205,0,0,1,1,1,1,NA,NA,NA,NA,79,0.933333333,98.3273,87.12,1.4,1,1,0,0,0,0,NA,NA,NA,NA,0,0,0,0,0,0,NA,NA,NA,NA,0,0,1,1,1,1,NA,NA,NA,NA,0,1,0,1,0,1,NA,NA,NA,NA,6,6,65,65,92,92,NA,NA,NA,NA,0.122563124,-1.25857772,1.833333333
206,0,1,1,1,1,1,0,1,NA,NA,83,2.825,21.9563,32.85,1.425,1,1,0,0,0,0,0,0,NA,NA,0,0,0,0,0,0,0,0,NA,NA,0,0,1,1,1,1,1,1,NA,NA,0,1,0,1,0,1,NA,NA,NA,NA,6,6,65,65,92,92,NA,NA,NA,NA,0.098172934,-1.320675085,4.875
207,0,1,0,0,1,1,1,1,0,1,83,1.42,21.9563,32.85,1.78,1,1,0,0,0,0,0,0,0,0,0,0,1,1,0,0,0,0,0,0,0,0,0,0,1,1,1,1,1,1,0,1,0,1,0,1,0,1,0,1,6,6,59,59,24,24,65,65,95,95,0.071249161,-1.558986011,5.5
208,0,0,0,0,NA,NA,NA,NA,NA,NA,93,2.95,18.4583,12.51,1.3,0,0,0,0,NA,NA,NA,NA,NA,NA,0,0,0,0,NA,NA,NA,NA,NA,NA,1,1,1,1,NA,NA,NA,NA,NA,NA,0,1,0,1,NA,NA,NA,NA,NA,NA,8,8,101,101,NA,NA,NA,NA,NA,NA,0.109625582,-1.141012299,2.25
209,1,1,0,1,0,0,NA,NA,NA,NA,94,1.333333333,109.519,10.53,2.466666667,1,1,0,0,0,0,NA,NA,NA,NA,0,0,0,0,0,0,NA,NA,NA,NA,0,0,1,1,1,1,NA,NA,NA,NA,0,1,0,1,0,1,NA,NA,NA,NA,24,24,8,8,101,101,NA,NA,NA,NA,0.126476804,-0.471629409,5.5
210,0,0,0,1,1,1,0,0,NA,NA,95,3.775,43.5982,8.46,0.6,1,1,0,0,0,0,0,0,NA,NA,0,0,0,0,0,0,0,0,NA,NA,0,0,1,1,0,0,1,1,NA,NA,0,1,0,1,0,1,0,1,NA,NA,24,24,4,4,7,7,101,101,NA,NA,0.126832036,-0.051009917,3.375
211,0,1,1,1,1,1,1,1,NA,NA,96,0.975,65.9168,8.73,0.725,1,1,0,0,0,0,0,0,NA,NA,0,0,1,1,0,0,0,0,NA,NA,0,0,0,0,1,1,1,1,NA,NA,0,1,0,1,0,1,0,1,NA,NA,3,3,63,63,25,25,98,98,NA,NA,0.168273353,-0.273382378,3.75
212,0,0,0,0,1,1,NA,NA,NA,NA,79,4.433333333,98.3273,87.12,0.766666667,1,1,0,0,0,0,NA,NA,NA,NA,0,0,0,0,0,0,NA,NA,NA,NA,0,0,1,1,1,1,NA,NA,NA,NA,0,1,0,1,0,1,NA,NA,NA,NA,3,3,25,25,92,92,NA,NA,NA,NA,0.149234199,-0.350933037,3.666666667
213,0,0,0,0,0,0,NA,NA,NA,NA,97,1.9,44.9699,16.92,2.3,1,1,0,0,0,0,NA,NA,NA,NA,0,0,0,0,0,0,NA,NA,NA,NA,0,0,1,1,1,1,NA,NA,NA,NA,0,1,0,1,0,1,NA,NA,NA,NA,24,24,8,8,98,98,NA,NA,NA,NA,0.13725999,-0.498370328,4.666666667
214,0,0,0,0,0,0,0,0,NA,NA,98,2.25,13.0802,36,0.6,0,0,0,0,1,1,1,1,NA,NA,0,0,1,1,0,0,0,0,NA,NA,0,0,0,0,0,0,0,0,NA,NA,0,1,0,1,0,1,0,1,NA,NA,37,37,43,43,56,56,82,82,NA,NA,0.087562586,-0.972211503,2.833333333
215,0,0,0,0,0,0,0,0,NA,NA,98,1.775,13.0802,36,1.275,0,0,0,0,1,1,1,1,NA,NA,0,0,1,1,0,0,0,0,NA,NA,0,0,0,0,0,0,0,0,NA,NA,0,1,0,1,0,1,0,1,NA,NA,37,37,43,43,56,56,82,82,NA,NA,0.086008069,-1.212728339,2.5
216,0,0,0,0,0,0,0,0,NA,NA,98,0.775,13.0802,36,0.325,0,0,0,0,1,1,1,1,NA,NA,0,0,1,1,0,0,0,0,NA,NA,0,0,0,0,0,0,0,0,NA,NA,0,1,0,1,0,1,0,1,NA,NA,37,37,43,43,56,56,82,82,NA,NA,0.083652764,-1.373614667,1
217,0,0,0,0,0,0,0,0,NA,NA,99,1.325,26.847,46.17,0.55,0,0,0,0,1,1,1,1,NA,NA,0,0,1,1,0,0,0,0,NA,NA,0,0,0,0,0,0,0,0,NA,NA,0,1,0,1,0,1,0,1,NA,NA,37,37,43,43,56,56,82,82,NA,NA,0.096692182,-1.001918432,6.75
218,0,0,0,0,0,0,0,0,NA,NA,99,1.675,26.847,46.17,0.775,0,0,0,0,1,1,1,1,NA,NA,0,0,1,1,0,0,0,0,NA,NA,0,0,0,0,0,0,0,0,NA,NA,0,1,0,1,0,1,0,1,NA,NA,37,37,43,43,56,56,82,82,NA,NA,0.098057227,-0.915641417,4
219,0,0,0,0,0,0,0,0,NA,NA,100,1,71.532,0.54,0.875,0,0,0,0,1,1,1,1,NA,NA,0,0,1,1,0,0,0,0,NA,NA,0,0,0,0,0,0,0,0,NA,NA,0,1,0,1,0,1,0,1,NA,NA,37,37,43,43,56,56,82,82,NA,NA,0.092856639,-0.932918046,3.375
220,0,0,0,0,0,0,0,0,NA,NA,101,1.275,4.8563,0.9,2.175,0,0,0,0,0,0,0,0,NA,NA,1,1,0,0,0,0,0,0,NA,NA,0,0,1,1,1,1,1,1,NA,NA,0,1,0,1,0,1,0,1,NA,NA,46,46,36,36,66,66,100,100,NA,NA,0.164163927,-1.354459633,1.625
221,0,0,0,0,0,0,0,0,NA,NA,102,2.85,4.3823,0.18,2.25,0,0,0,0,0,0,0,0,NA,NA,1,1,0,0,0,0,0,0,NA,NA,0,0,0,0,1,1,1,1,NA,NA,0,1,0,1,0,1,0,1,NA,NA,46,46,37,37,66,66,100,100,NA,NA,0.160582716,-1.466989505,1.5
222,0,0,0,0,0,0,NA,NA,NA,NA,103,4.4,23.0934,9.45,2.666666667,0,0,0,0,0,0,NA,NA,NA,NA,1,1,0,0,0,0,NA,NA,NA,NA,0,0,1,1,1,1,NA,NA,NA,NA,0,1,0,1,0,1,NA,NA,NA,NA,46,46,36,36,66,66,NA,NA,NA,NA,0.176895898,-0.509938636,3
223,0,0,0,0,0,0,0,0,NA,NA,104,2.475,45.424,45.18,1.075,0,0,0,0,0,0,0,0,NA,NA,1,1,0,0,0,0,0,0,NA,NA,0,0,0,0,1,1,1,1,NA,NA,0,1,0,1,0,1,0,1,NA,NA,36,36,84,84,22,22,67,67,NA,NA,0.216667109,-0.233139855,5.125
224,0,0,0,0,0,0,0,0,0,0,104,4.633333333,45.424,45.18,0.283333333,1,1,1,1,0,0,0,0,0,0,0,0,0,0,0,0,0,0,0,0,0,0,0,0,1,1,1,1,1,1,0,1,0,1,0,1,0,1,0,1,36,36,84,84,22,22,53,53,53,53,0.233403939,-0.003308889,1.833333333
225,0,0,0,0,0,0,0,0,0,0,105,0.616666667,111.0127,15.21,1.933333333,0,0,0,0,1,1,0,0,0,0,0,0,1,1,0,0,0,0,0,0,1,1,0,0,0,0,1,1,1,1,0,1,0,1,0,1,0,1,0,1,29,29,36,36,63,63,29,29,100,100,0.106028151,-0.800528878,1.666666667
226,0,0,0,0,0,0,0,0,0,0,106,3.1,7.1828,11.61,1.26,1,1,1,1,0,0,0,0,0,0,0,0,0,0,0,0,0,0,0,0,0,0,0,0,0,0,1,1,1,1,0,1,0,1,0,1,0,1,0,1,36,36,63,63,29,29,52,52,97,97,0.135570922,-1.483171815,4.7
227,0,0,0,0,0,0,0,0,NA,NA,107,2.525,15.0984,6.84,0.475,1,1,0,0,0,0,0,0,NA,NA,0,0,0,0,0,0,0,0,NA,NA,0,0,1,1,1,1,1,1,NA,NA,0,1,0,1,0,1,0,1,NA,NA,63,63,23,23,52,52,97,97,NA,NA,0.11700605,-1.329299485,5
228,0,0,0,0,0,0,0,0,0,0,108,4.6,28.8591,25.74,0.16,1,1,1,1,0,0,0,0,0,0,0,0,0,0,0,0,0,0,0,0,0,0,0,0,0,0,1,1,1,1,0,1,0,1,0,1,0,1,0,1,36,36,63,63,29,29,52,52,97,97,0.121841162,-0.849009703,5.8
229,0,0,0,0,0,0,0,0,0,0,109,1.22,53.9364,9.18,0.76,1,1,1,1,0,0,0,0,0,0,0,0,0,0,0,0,0,0,0,0,0,0,0,0,1,1,1,1,1,1,0,1,0,1,0,1,0,1,0,1,36,36,63,63,23,23,52,52,97,97,0.123658384,-0.792672968,1.1
230,0,0,0,0,0,0,0,0,NA,NA,110,0.675,31.8716,21.69,1.15,0,0,0,0,0,0,0,0,NA,NA,1,1,0,0,0,0,0,0,NA,NA,0,0,1,1,1,1,1,1,NA,NA,0,1,0,1,0,1,0,1,NA,NA,36,36,29,29,55,55,67,67,NA,NA,0.07299405,-1.26074593,3.375
231,0,0,0,0,0,0,0,0,NA,NA,110,1,31.8716,21.69,1.775,1,1,0,0,0,0,0,0,NA,NA,0,0,0,0,0,0,0,0,NA,NA,0,0,0,0,1,1,1,1,NA,NA,0,1,0,1,0,1,0,1,NA,NA,36,36,29,29,55,55,67,67,NA,NA,0.076919843,-1.348247854,0
232,0,0,0,0,0,0,0,0,0,0,111,2.7,69.6747,19.53,1.72,0,0,1,1,0,0,0,0,0,0,1,1,0,0,0,0,0,0,0,0,0,0,0,0,1,1,1,1,1,1,0,1,0,1,0,1,0,1,0,1,36,36,63,63,23,23,52,52,97,97,0.111603892,-0.744630494,3.1
